#Recording frequency [Hz], 10
#Number of samples, 2343
#SCU1.ForceA.Engineering value [kN],SCU1.Encoder.Engineering value [mm], Time in recording [s], Divide time by 24*3600 to get excel time
-13.515167 ,-6.8174305 ,0 
-13.470564 ,-6.8165226 ,0.1 
-13.513179 ,-6.8189564 ,0.2 
-13.524406 ,-6.8188534 ,0.3 
-13.562218 ,-6.8181248 ,0.4 
-13.511543 ,-6.8188477 ,0.5 
-13.514454 ,-6.8166256 ,0.6 
-13.516474 ,-6.8190041 ,0.7 
-13.502867 ,-6.8175259 ,0.8 
-13.488769 ,-6.8181133 ,0.9 
-13.445017 ,-6.8159657 ,1 
-13.45482 ,-6.8149796 ,1.1 
-13.468891 ,-6.8183975 ,1.2 
-13.454266 ,-6.8179741 ,1.3 
-13.48877 ,-6.8175259 ,1.4 
-13.474611 ,-6.8168964 ,1.5 
-13.474735 ,-6.8165207 ,1.6 
-13.479142 ,-6.8163166 ,1.7 
-13.491742 ,-6.8172436 ,1.8 
-13.474154 ,-6.8183651 ,1.9 
-13.453244 ,-6.8162327 ,2 
-13.44302 ,-6.8151569 ,2.1 
-13.517761 ,-6.8164883 ,2.2 
-13.463157 ,-6.8165531 ,2.3 
-13.494243 ,-6.818037 ,2.4 
-13.450886 ,-6.8180637 ,2.5 
-13.485574 ,-6.8180904 ,2.6 
-13.513097 ,-6.8186569 ,2.7 
-13.46096 ,-6.8188019 ,2.8 
-13.414236 ,-6.8168087 ,2.9 
-13.471571 ,-6.8177395 ,3 
-13.509727 ,-6.8164082 ,3.1 
-13.490813 ,-6.8175411 ,3.2 
-13.501233 ,-6.8168545 ,3.3 
-13.503827 ,-6.8181686 ,3.4 
-13.513789 ,-6.8172302 ,3.5 
-13.514745 ,-6.8178406 ,3.6 
-13.494431 ,-6.8156967 ,3.7 
-13.485776 ,-6.8180733 ,3.8 
-13.475379 ,-6.8182507 ,3.9 
-13.441355 ,-6.8173084 ,4 
-13.474901 ,-6.8181992 ,4.1 
-13.483859 ,-6.816061 ,4.2 
-13.506206 ,-6.8177834 ,4.3 
-13.488745 ,-6.817091 ,4.4 
-13.493452 ,-6.8162594 ,4.5 
-13.506912 ,-6.8175259 ,4.6 
-13.491564 ,-6.816761 ,4.7 
-13.487273 ,-6.8185863 ,4.8 
-13.481224 ,-6.8168163 ,4.9 
-13.487625 ,-6.8177891 ,5 
-13.505373 ,-6.8180523 ,5.1 
-13.480013 ,-6.8170834 ,5.2 
-13.456209 ,-6.8181629 ,5.3 
-13.428901 ,-6.8181477 ,5.4 
-13.478712 ,-6.8182182 ,5.5 
-13.472425 ,-6.8179531 ,5.6 
-13.461556 ,-6.8172836 ,5.7 
-13.510201 ,-6.8158741 ,5.8 
-13.467477 ,-6.8167458 ,5.9 
-13.445395 ,-6.8172588 ,6 
-13.451284 ,-6.8177471 ,6.1 
-13.502975 ,-6.8165646 ,6.2 
-13.545438 ,-6.8174801 ,6.3 
-13.511984 ,-6.8166599 ,6.4 
-13.52636 ,-6.816576 ,6.5 
-13.513994 ,-6.8178844 ,6.6 
-13.486745 ,-6.8166218 ,6.7 
-13.456431 ,-6.8181705 ,6.8 
-13.466766 ,-6.8167763 ,6.9 
-13.481059 ,-6.8187542 ,7 
-13.483429 ,-6.8185692 ,7.1 
-13.453854 ,-6.8156414 ,7.2 
-13.506198 ,-6.8176441 ,7.3 
-13.487609 ,-6.8176556 ,7.4 
-13.490521 ,-6.8159065 ,7.5 
-13.480296 ,-6.8173199 ,7.6 
-13.44262 ,-6.8162632 ,7.7 
-13.499818 ,-6.8158207 ,7.8 
-13.486832 ,-6.8166561 ,7.9 
-13.52022 ,-6.8185329 ,8 
-13.49884 ,-6.8176956 ,8.1 
-13.508502 ,-6.8180447 ,8.2 
-13.476914 ,-6.8179531 ,8.3 
-13.468632 ,-6.8166065 ,8.4 
-13.441628 ,-6.8161545 ,8.5 
-13.501687 ,-6.816679 ,8.6 
-13.470266 ,-6.817625 ,8.7 
-13.485902 ,-6.8162136 ,8.8 
-13.504682 ,-6.817255 ,8.9 
-13.445477 ,-6.8177204 ,9 
-13.458358 ,-6.8173161 ,9.1 
-13.46915 ,-6.8172932 ,9.2 
-13.502774 ,-6.8178425 ,9.3 
-13.543486 ,-6.8181973 ,9.4 
-13.491429 ,-6.8169727 ,9.5 
-13.499907 ,-6.8170052 ,9.6 
-13.509797 ,-6.8159161 ,9.7 
-13.515154 ,-6.8171329 ,9.8 
-13.449864 ,-6.8181744 ,9.9 
-13.455078 ,-6.8173885 ,10 
-13.492522 ,-6.8169537 ,10.1 
-13.502313 ,-6.8185291 ,10.2 
-13.483938 ,-6.8156757 ,10.3 
-13.517162 ,-6.8184757 ,10.4 
-13.459139 ,-6.8171139 ,10.5 
-13.465093 ,-6.818903 ,10.6 
-13.40926 ,-6.8158569 ,10.7 
-13.469194 ,-6.8183994 ,10.8 
-13.455807 ,-6.8173428 ,10.9 
-13.43294 ,-6.8154049 ,11 
-13.488543 ,-6.8158398 ,11.1 
-13.443542 ,-6.8164616 ,11.2 
-13.470277 ,-6.8176937 ,11.3 
-13.477048 ,-6.8169823 ,11.4 
-13.470775 ,-6.8174305 ,11.5 
-13.491995 ,-6.8157654 ,11.6 
-13.492705 ,-6.8160133 ,11.7 
-13.507611 ,-6.815958 ,11.8 
-13.504015 ,-6.817461 ,11.9 
-13.502668 ,-6.8156414 ,12 
-13.518698 ,-6.8168221 ,12.1 
-14.160322 ,-6.8207684 ,12.2 
-15.413007 ,-6.8296757 ,12.3 
-17.172796 ,-6.8402386 ,12.4 
-18.76692 ,-6.85079 ,12.5 
-20.373322 ,-6.8622932 ,12.6 
-21.906263 ,-6.8692722 ,12.7 
-23.488543 ,-6.8827496 ,12.8 
-25.05723 ,-6.890892 ,12.9 
-26.692909 ,-6.9014702 ,13 
-28.308893 ,-6.9110565 ,13.1 
-29.901379 ,-6.9209967 ,13.2 
-31.464819 ,-6.9319096 ,13.3 
-33.211594 ,-6.9441729 ,13.4 
-34.637177 ,-6.9528675 ,13.5 
-36.168171 ,-6.9615469 ,13.6 
-37.837391 ,-6.9715366 ,13.7 
-39.534252 ,-6.9798641 ,13.8 
-41.310455 ,-6.9911251 ,13.9 
-43.011936 ,-7.0022068 ,14 
-44.738132 ,-7.0117083 ,14.1 
-46.496498 ,-7.0190516 ,14.2 
-48.24736 ,-7.0296278 ,14.3 
-50.116333 ,-7.0404787 ,14.4 
-51.920006 ,-7.0489397 ,14.5 
-53.706944 ,-7.0589228 ,14.6 
-55.506592 ,-7.069066 ,14.7 
-57.235565 ,-7.0776024 ,14.8 
-59.124676 ,-7.0878916 ,14.9 
-61.032391 ,-7.0974741 ,15 
-62.833027 ,-7.1073637 ,15.1 
-64.750153 ,-7.11656 ,15.2 
-66.61705 ,-7.1261864 ,15.3 
-68.408615 ,-7.138587 ,15.4 
-70.316978 ,-7.1482897 ,15.5 
-72.140686 ,-7.1563368 ,15.6 
-73.933273 ,-7.1654472 ,15.7 
-75.908974 ,-7.1775885 ,15.8 
-77.724907 ,-7.1870346 ,15.9 
-79.525917 ,-7.1956186 ,16 
-81.474487 ,-7.2070494 ,16.1 
-83.315933 ,-7.215517 ,16.2 
-85.053886 ,-7.2251787 ,16.3 
-86.700722 ,-7.2350502 ,16.4 
-88.549591 ,-7.2467127 ,16.5 
-90.303864 ,-7.2553825 ,16.6 
-92.105324 ,-7.264349 ,16.7 
-94.084778 ,-7.274168 ,16.8 
-95.805931 ,-7.2831287 ,16.9 
-97.743065 ,-7.2932825 ,17 
-99.590286 ,-7.3039484 ,17.1 
-101.47427 ,-7.3134508 ,17.2 
-103.339 ,-7.3227491 ,17.3 
-105.31409 ,-7.3323298 ,17.4 
-107.10822 ,-7.3416691 ,17.5 
-108.95843 ,-7.3542023 ,17.6 
-110.9037 ,-7.3633928 ,17.7 
-112.52386 ,-7.3706608 ,17.8 
-114.39465 ,-7.3819084 ,17.9 
-116.11583 ,-7.3912086 ,18 
-117.99515 ,-7.4007025 ,18.1 
-119.85048 ,-7.4092293 ,18.2 
-121.62985 ,-7.4164867 ,18.3 
-123.35249 ,-7.428463 ,18.4 
-125.29366 ,-7.4387007 ,18.5 
-127.10125 ,-7.4465437 ,18.6 
-128.90401 ,-7.4589062 ,18.7 
-130.68578 ,-7.4664145 ,18.8 
-132.44937 ,-7.4757175 ,18.9 
-134.25066 ,-7.4841814 ,19 
-136.03307 ,-7.4952974 ,19.1 
-137.7254 ,-7.5035381 ,19.2 
-139.26988 ,-7.5143976 ,19.3 
-140.86151 ,-7.5230732 ,19.4 
-142.52606 ,-7.5292034 ,19.5 
-144.08095 ,-7.5427952 ,19.6 
-145.75795 ,-7.5517597 ,19.7 
-147.25522 ,-7.5613623 ,19.8 
-148.73853 ,-7.569437 ,19.9 
-150.15816 ,-7.5792742 ,20 
-151.48318 ,-7.5885897 ,20.1 
-152.78677 ,-7.597971 ,20.2 
-154.03696 ,-7.6078873 ,20.3 
-155.14125 ,-7.6157446 ,20.4 
-156.28975 ,-7.6259766 ,20.5 
-157.24719 ,-7.6358633 ,20.6 
-158.0959 ,-7.6460075 ,20.7 
-158.81229 ,-7.6560307 ,20.8 
-159.44196 ,-7.6670771 ,20.9 
-160.04295 ,-7.6749992 ,21 
-160.5015 ,-7.684638 ,21.1 
-161.06436 ,-7.6946945 ,21.2 
-161.39423 ,-7.7056122 ,21.3 
-161.79349 ,-7.7154207 ,21.4 
-162.14775 ,-7.7278423 ,21.5 
-162.45569 ,-7.7361364 ,21.6 
-162.80069 ,-7.7471714 ,21.7 
-163.00868 ,-7.7565241 ,21.8 
-163.26215 ,-7.7682343 ,21.9 
-163.50671 ,-7.7768831 ,22 
-163.77478 ,-7.7881289 ,22.1 
-163.93327 ,-7.8001547 ,22.2 
-164.11955 ,-7.8101835 ,22.3 
-164.36244 ,-7.8205776 ,22.4 
-164.53642 ,-7.8315992 ,22.5 
-164.7991 ,-7.8411293 ,22.6 
-164.97142 ,-7.8504515 ,22.7 
-165.15063 ,-7.8618774 ,22.8 
-165.36864 ,-7.8751335 ,22.9 
-165.48753 ,-7.8828115 ,23 
-165.64464 ,-7.8922958 ,23.1 
-165.85237 ,-7.9031744 ,23.2 
-166.0338 ,-7.9143333 ,23.3 
-166.15717 ,-7.9239264 ,23.4 
-166.35161 ,-7.9359922 ,23.5 
-166.29434 ,-7.946537 ,23.6 
-166.47696 ,-7.9555616 ,23.7 
-166.73314 ,-7.9669161 ,23.8 
-166.90016 ,-7.976388 ,23.9 
-167.02435 ,-7.9869738 ,24 
-167.25751 ,-7.9978971 ,24.1 
-167.39821 ,-8.0080814 ,24.2 
-167.54236 ,-8.0192127 ,24.3 
-167.69211 ,-8.0282745 ,24.4 
-167.8438 ,-8.0379086 ,24.5 
-168.04733 ,-8.0490274 ,24.6 
-168.16208 ,-8.0586338 ,24.7 
-168.36658 ,-8.0693264 ,24.8 
-168.40324 ,-8.078908 ,24.9 
-168.58115 ,-8.089921 ,25 
-168.60741 ,-8.1005049 ,25.1 
-168.80156 ,-8.1100731 ,25.2 
-168.97121 ,-8.1217804 ,25.3 
-169.01479 ,-8.1299839 ,25.4 
-169.13835 ,-8.1412544 ,25.5 
-169.23602 ,-8.1521912 ,25.6 
-169.31004 ,-8.1615334 ,25.7 
-169.36975 ,-8.1706066 ,25.8 
-169.46147 ,-8.1817245 ,25.9 
-169.48387 ,-8.1916075 ,26 
-169.50583 ,-8.2044249 ,26.1 
-169.56464 ,-8.2140284 ,26.2 
-169.53819 ,-8.2241449 ,26.3 
-169.55852 ,-8.2347431 ,26.4 
-169.4481 ,-8.2450542 ,26.5 
-169.49918 ,-8.2556944 ,26.6 
-169.41396 ,-8.2655478 ,26.7 
-169.2789 ,-8.2764235 ,26.8 
-169.15829 ,-8.289464 ,26.9 
-169.026 ,-8.2987795 ,27 
-168.84422 ,-8.3083143 ,27.1 
-168.74487 ,-8.3206139 ,27.2 
-168.54065 ,-8.3303471 ,27.3 
-168.3002 ,-8.3427696 ,27.4 
-168.00746 ,-8.3528929 ,27.5 
-167.77036 ,-8.364543 ,27.6 
-167.39293 ,-8.374795 ,27.7 
-167.12061 ,-8.3859062 ,27.8 
-166.78534 ,-8.3964033 ,27.9 
-166.42628 ,-8.4075975 ,28 
-166.0256 ,-8.417387 ,28.1 
-165.59351 ,-8.4303474 ,28.2 
-165.16103 ,-8.4405556 ,28.3 
-164.612 ,-8.4519758 ,28.4 
-164.03227 ,-8.4637852 ,28.5 
-163.41718 ,-8.4732981 ,28.6 
-162.74852 ,-8.4842768 ,28.7 
-161.91643 ,-8.4980965 ,28.8 
-161.2562 ,-8.50844 ,28.9 
-160.58191 ,-8.5177364 ,29 
-159.89909 ,-8.5321655 ,29.1 
-159.10628 ,-8.5416212 ,29.2 
-158.41075 ,-8.5501623 ,29.3 
-157.64792 ,-8.5625257 ,29.4 
-156.93968 ,-8.5750265 ,29.5 
-156.23674 ,-8.5868778 ,29.6 
-155.56998 ,-8.593792 ,29.7 
-154.90074 ,-8.6064529 ,29.8 
-154.31802 ,-8.6154327 ,29.9 
-153.72787 ,-8.6273613 ,30 
-153.12599 ,-8.6371069 ,30.1 
-152.62958 ,-8.6454382 ,30.2 
-152.05278 ,-8.6580858 ,30.3 
-151.59543 ,-8.668478 ,30.4 
-151.14182 ,-8.6775789 ,30.5 
-150.73973 ,-8.6894913 ,30.6 
-150.41486 ,-8.6966648 ,30.7 
-150.1044 ,-8.7076254 ,30.8 
-149.70015 ,-8.7163153 ,30.9 
-149.37708 ,-8.7267513 ,31 
-149.13417 ,-8.7378349 ,31.1 
-148.96259 ,-8.7474241 ,31.2 
-148.73692 ,-8.7558975 ,31.3 
-148.52699 ,-8.7667856 ,31.4 
-148.44936 ,-8.7749891 ,31.5 
-148.29381 ,-8.7863951 ,31.6 
-148.11568 ,-8.7947598 ,31.7 
-148.07361 ,-8.8034048 ,31.8 
-148.03561 ,-8.8146429 ,31.9 
-147.85477 ,-8.8245354 ,32 
-147.73547 ,-8.8350582 ,32.1 
-147.60982 ,-8.8440847 ,32.2 
-147.52623 ,-8.8540163 ,32.3 
-147.38007 ,-8.8630142 ,32.4 
-147.36179 ,-8.8732367 ,32.5 
-147.21593 ,-8.8817768 ,32.6 
-147.1629 ,-8.8933992 ,32.7 
-147.0955 ,-8.9008493 ,32.8 
-147.13683 ,-8.9111319 ,32.9 
-147.10561 ,-8.9224873 ,33 
-146.99213 ,-8.9315109 ,33.1 
-146.96165 ,-8.9403572 ,33.2 
-146.94122 ,-8.9508944 ,33.3 
-146.92261 ,-8.9601946 ,33.4 
-146.81456 ,-8.9706354 ,33.5 
-146.79256 ,-8.9796991 ,33.6 
-146.7706 ,-8.9893703 ,33.7 
-146.71426 ,-8.9977751 ,33.8 
-146.75179 ,-9.0095139 ,33.9 
-146.69795 ,-9.0174723 ,34 
-146.68068 ,-9.0274897 ,34.1 
-146.62709 ,-9.037528 ,34.2 
-146.67418 ,-9.0474834 ,34.3 
-146.65808 ,-9.0555735 ,34.4 
-146.5976 ,-9.0655327 ,34.5 
-146.55536 ,-9.0763578 ,34.6 
-146.62184 ,-9.0875483 ,34.7 
-146.55519 ,-9.0967827 ,34.8 
-146.66081 ,-9.1084251 ,34.9 
-146.6011 ,-9.1163034 ,35 
-146.5909 ,-9.1270638 ,35.1 
-146.54926 ,-9.1347504 ,35.2 
-146.58929 ,-9.1446056 ,35.3 
-146.55029 ,-9.1560535 ,35.4 
-146.51836 ,-9.1651468 ,35.5 
-146.48473 ,-9.174202 ,35.6 
-146.52248 ,-9.1849537 ,35.7 
-146.49472 ,-9.1954212 ,35.8 
-146.42746 ,-9.2045507 ,35.9 
-146.3869 ,-9.217248 ,36 
-146.33163 ,-9.2259932 ,36.1 
-146.27231 ,-9.2344913 ,36.2 
-146.35872 ,-9.2443056 ,36.3 
-146.31676 ,-9.254446 ,36.4 
-146.23468 ,-9.2639723 ,36.5 
-146.0956 ,-9.2743473 ,36.6 
-146.14291 ,-9.284647 ,36.7 
-146.07732 ,-9.2908573 ,36.8 
-146.0475 ,-9.3041239 ,36.9 
-146.06934 ,-9.3144407 ,37 
-145.92326 ,-9.3218966 ,37.1 
-145.91809 ,-9.3344688 ,37.2 
-145.86345 ,-9.3436708 ,37.3 
-145.74666 ,-9.3546705 ,37.4 
-145.54637 ,-9.3642273 ,37.5 
-145.48817 ,-9.3755283 ,37.6 
-145.40674 ,-9.3842945 ,37.7 
-145.35091 ,-9.3922253 ,37.8 
-145.22528 ,-9.4023972 ,37.9 
-145.15765 ,-9.4147348 ,38 
-145.06648 ,-9.423996 ,38.1 
-144.88109 ,-9.4341431 ,38.2 
-144.73186 ,-9.4434004 ,38.3 
-144.58684 ,-9.4533663 ,38.4 
-144.51683 ,-9.4645605 ,38.5 
-144.27802 ,-9.4745979 ,38.6 
-144.26299 ,-9.4839573 ,38.7 
-143.99736 ,-9.493784 ,38.8 
-143.83699 ,-9.5037651 ,38.9 
-143.72156 ,-9.515955 ,39 
-143.49924 ,-9.5231819 ,39.1 
-143.36519 ,-9.5345812 ,39.2 
-143.12833 ,-9.54461 ,39.3 
-143.00319 ,-9.5535259 ,39.4 
-142.78922 ,-9.5642595 ,39.5 
-142.57159 ,-9.5742321 ,39.6 
-142.25938 ,-9.5837402 ,39.7 
-142.04251 ,-9.5947018 ,39.8 
-141.8493 ,-9.6048536 ,39.9 
-141.55324 ,-9.6164141 ,40 
-141.19737 ,-9.6249428 ,40.1 
-140.87766 ,-9.6354895 ,40.2 
-140.60982 ,-9.6461477 ,40.3 
-140.26158 ,-9.6550884 ,40.4 
-140.05695 ,-9.6643982 ,40.5 
-139.82611 ,-9.6750307 ,40.6 
-139.42311 ,-9.6870708 ,40.7 
-139.04344 ,-9.6964712 ,40.8 
-138.72937 ,-9.7048874 ,40.9 
-138.40593 ,-9.7170105 ,41 
-138.0327 ,-9.7261772 ,41.1 
-137.62909 ,-9.7353373 ,41.2 
-137.40906 ,-9.7472649 ,41.3 
-137.06958 ,-9.7571621 ,41.4 
-136.61916 ,-9.7658844 ,41.5 
-136.30948 ,-9.7754383 ,41.6 
-135.99152 ,-9.7863503 ,41.7 
-135.59077 ,-9.797617 ,41.8 
-135.37241 ,-9.8073606 ,41.9 
-135.0468 ,-9.8171806 ,42 
-134.79338 ,-9.8278503 ,42.1 
-134.49388 ,-9.8375721 ,42.2 
-134.00685 ,-9.8480597 ,42.3 
-133.74725 ,-9.8586512 ,42.4 
-133.4754 ,-9.8687878 ,42.5 
-133.32227 ,-9.8781395 ,42.6 
-133.03233 ,-9.8870468 ,42.7 
-132.71471 ,-9.8969088 ,42.8 
-132.45717 ,-9.9066124 ,42.9 
-132.1526 ,-9.9169922 ,43 
-131.76672 ,-9.9303684 ,43.1 
-131.48788 ,-9.9385481 ,43.2 
-131.23245 ,-9.9455633 ,43.3 
-131.07404 ,-9.958065 ,43.4 
-130.88156 ,-9.9679289 ,43.5 
-130.46373 ,-9.9783535 ,43.6 
-129.84714 ,-9.9877739 ,43.7 
-129.54198 ,-9.9974642 ,43.8 
-129.41075 ,-10.008253 ,43.9 
-128.70436 ,-10.013933 ,44 
-127.88136 ,-10.015385 ,44.1 
-127.14285 ,-10.017533 ,44.2 
-126.65118 ,-10.015944 ,44.3 
-126.29794 ,-10.014997 ,44.4 
-126.02526 ,-10.016595 ,44.5 
-125.78056 ,-10.014917 ,44.6 
-125.59547 ,-10.016691 ,44.7 
-125.4463 ,-10.013853 ,44.8 
-125.30925 ,-10.015023 ,44.9 
-125.11932 ,-10.016482 ,45 
-125.02161 ,-10.015339 ,45.1 
-124.9199 ,-10.014006 ,45.2 
-124.79025 ,-10.013836 ,45.3 
-124.71257 ,-10.013224 ,45.4 
-124.57681 ,-10.015008 ,45.5 
-124.4278 ,-10.012892 ,45.6 
-124.34407 ,-10.01386 ,45.7 
-124.30824 ,-10.013039 ,45.8 
-124.17347 ,-10.011909 ,45.9 
-124.03882 ,-10.012787 ,46 
-123.96722 ,-10.009817 ,46.1 
-123.92306 ,-10.01233 ,46.2 
-123.80647 ,-10.012239 ,46.3 
-123.75945 ,-10.011193 ,46.4 
-123.72047 ,-10.013236 ,46.5 
-123.63016 ,-10.010955 ,46.6 
-123.58426 ,-10.011785 ,46.7 
-123.53551 ,-10.010503 ,46.8 
-123.42883 ,-10.009263 ,46.9 
-123.38347 ,-10.009381 ,47 
-123.30746 ,-10.008601 ,47.1 
-123.29385 ,-10.009704 ,47.2 
-123.22312 ,-10.008721 ,47.3 
-123.14575 ,-10.007858 ,47.4 
-123.11339 ,-10.007799 ,47.5 
-123.09603 ,-10.009957 ,47.6 
-122.95341 ,-10.007187 ,47.7 
-122.92338 ,-10.008318 ,47.8 
-122.89939 ,-10.008539 ,47.9 
-122.83811 ,-10.00934 ,48 
-122.81776 ,-10.006707 ,48.1 
-122.74047 ,-10.005437 ,48.2 
-122.7066 ,-10.008845 ,48.3 
-122.64268 ,-10.005239 ,48.4 
-122.63795 ,-10.005456 ,48.5 
-122.59527 ,-10.006185 ,48.6 
-122.58322 ,-10.007565 ,48.7 
-122.56761 ,-10.006078 ,48.8 
-122.53712 ,-10.005691 ,48.9 
-122.46612 ,-10.006485 ,49 
-122.38442 ,-10.005241 ,49.1 
-122.36031 ,-10.004758 ,49.2 
-122.30671 ,-10.007244 ,49.3 
-122.23783 ,-10.005053 ,49.4 
-122.24911 ,-10.005089 ,49.5 
-122.21433 ,-10.003659 ,49.6 
-122.24705 ,-10.00579 ,49.7 
-122.22866 ,-10.004192 ,49.8 
-122.21458 ,-10.004985 ,49.9 
-122.20145 ,-10.004905 ,50 
-122.12525 ,-10.003552 ,50.1 
-122.12734 ,-10.005035 ,50.2 
-122.06388 ,-10.005363 ,50.3 
-122.06422 ,-10.004212 ,50.4 
-122.04701 ,-10.003732 ,50.5 
-121.99713 ,-10.003928 ,50.6 
-121.92202 ,-10.005013 ,50.7 
-121.89785 ,-10.003962 ,50.8 
-121.90516 ,-10.004483 ,50.9 
-121.87984 ,-10.002072 ,51 
-121.79819 ,-10.003082 ,51.1 
-121.7743 ,-10.003502 ,51.2 
-121.76617 ,-10.004785 ,51.3 
-121.73868 ,-10.003667 ,51.4 
-121.7263 ,-10.004496 ,51.5 
-121.70274 ,-10.003148 ,51.6 
-121.70776 ,-10.003527 ,51.7 
-121.69418 ,-10.004092 ,51.8 
-121.62701 ,-10.002391 ,51.9 
-121.61121 ,-10.004238 ,52 
-121.60783 ,-10.0027 ,52.1 
-121.60484 ,-10.001704 ,52.2 
-121.58255 ,-10.002995 ,52.3 
-121.60542 ,-10.001776 ,52.4 
-121.59135 ,-10.002251 ,52.5 
-121.57518 ,-10.002823 ,52.6 
-121.56326 ,-10.001993 ,52.7 
-121.54233 ,-10.002934 ,52.8 
-121.46704 ,-10.000587 ,52.9 
-121.44856 ,-10.001243 ,53 
-121.43819 ,-10.003168 ,53.1 
-121.44543 ,-10.002418 ,53.2 
-121.4565 ,-10.002004 ,53.3 
-121.45113 ,-10.002312 ,53.4 
-121.42701 ,-10.002376 ,53.5 
-121.42898 ,-10.002358 ,53.6 
-121.35857 ,-10.001855 ,53.7 
-121.34083 ,-10.00088 ,53.8 
-121.30898 ,-10.003124 ,53.9 
-121.3074 ,-10.002727 ,54 
-121.30454 ,-10.001935 ,54.1 
-121.3066 ,-10.001396 ,54.2 
-121.30601 ,-10.001766 ,54.3 
-121.29845 ,-10.001211 ,54.4 
-121.26141 ,-10.001316 ,54.5 
-121.252 ,-10.001961 ,54.6 
-121.21141 ,-10.001538 ,54.7 
-121.24908 ,-10.002503 ,54.8 
-121.22416 ,-10.001925 ,54.9 
-121.20678 ,-10.00154 ,55 
-121.17827 ,-9.99928 ,55.1 
-121.17048 ,-10.00157 ,55.2 
-121.19304 ,-10.00108 ,55.3 
-121.1935 ,-10.00153 ,55.4 
-121.18296 ,-10.000648 ,55.5 
-121.18258 ,-10.001258 ,55.6 
-121.17644 ,-10.001057 ,55.7 
-121.17265 ,-10.002077 ,55.8 
-121.12388 ,-10.002454 ,55.9 
-121.08792 ,-9.9981461 ,56 
-121.09525 ,-10.001287 ,56.1 
-121.08596 ,-10.002387 ,56.2 
-121.07238 ,-9.9996195 ,56.3 
-121.05823 ,-10.000736 ,56.4 
-121.03821 ,-10.001821 ,56.5 
-121.02248 ,-10.002355 ,56.6 
-121.05342 ,-10.001026 ,56.7 
-121.05704 ,-10.001542 ,56.8 
-121.05159 ,-10.000916 ,56.9 
-121.04183 ,-10.001375 ,57 
-121.02116 ,-10.001102 ,57.1 
-121.02203 ,-10.000829 ,57.2 
-120.99862 ,-9.9991884 ,57.3 
-120.99905 ,-9.9998188 ,57.4 
-120.97961 ,-10.00162 ,57.5 
-120.96169 ,-10.000525 ,57.6 
-120.96426 ,-10.001666 ,57.7 
-120.93314 ,-9.9994183 ,57.8 
-120.93347 ,-10.002619 ,57.9 
-120.87484 ,-10.002172 ,58 
-120.87176 ,-9.999876 ,58.1 
-120.90447 ,-10.000909 ,58.2 
-120.9441 ,-10.001297 ,58.3 
-120.91767 ,-10.002454 ,58.4 
-120.94098 ,-10.000098 ,58.5 
-120.9216 ,-10.000382 ,58.6 
-120.89954 ,-9.9994268 ,58.7 
-120.87623 ,-9.9990139 ,58.8 
-120.87495 ,-9.9989138 ,58.9 
-120.86411 ,-10.001612 ,59 
-120.86387 ,-10.000465 ,59.1 
-120.87603 ,-9.9997272 ,59.2 
-120.87302 ,-10.002231 ,59.3 
-120.8465 ,-10.001461 ,59.4 
-120.84465 ,-10.00187 ,59.5 
-120.8499 ,-9.9995909 ,59.6 
-120.85773 ,-9.9997568 ,59.7 
-120.86372 ,-10.000184 ,59.8 
-120.86851 ,-10.001151 ,59.9 
-120.8359 ,-10.00155 ,60 
-120.84756 ,-9.9996891 ,60.1 
-120.85293 ,-10.000887 ,60.2 
-120.83833 ,-10.000269 ,60.3 
-120.85106 ,-10.000413 ,60.4 
-120.82453 ,-10.000801 ,60.5 
-120.83965 ,-9.9989433 ,60.6 
-120.86935 ,-10.001 ,60.7 
-121.60497 ,-10.003318 ,60.8 
-123.0632 ,-10.011685 ,60.9 
-124.88637 ,-10.021833 ,61 
-126.76649 ,-10.028753 ,61.1 
-128.48276 ,-10.040107 ,61.2 
-129.55244 ,-10.04982 ,61.3 
-129.9641 ,-10.061289 ,61.4 
-129.8045 ,-10.070485 ,61.5 
-129.54877 ,-10.080545 ,61.6 
-129.36205 ,-10.094066 ,61.7 
-129.24179 ,-10.104089 ,61.8 
-129.03778 ,-10.11388 ,61.9 
-128.76553 ,-10.123873 ,62 
-128.65887 ,-10.134154 ,62.1 
-128.54803 ,-10.147095 ,62.2 
-128.53284 ,-10.157056 ,62.3 
-128.19196 ,-10.166019 ,62.4 
-128.17126 ,-10.177199 ,62.5 
-128.2653 ,-10.186442 ,62.6 
-128.35562 ,-10.196226 ,62.7 
-128.54025 ,-10.205896 ,62.8 
-128.73335 ,-10.21905 ,62.9 
-128.80405 ,-10.228973 ,63 
-129.02704 ,-10.236853 ,63.1 
-129.21542 ,-10.247151 ,63.2 
-129.39265 ,-10.256251 ,63.3 
-129.53693 ,-10.267987 ,63.4 
-129.8103 ,-10.279772 ,63.5 
-129.95792 ,-10.286473 ,63.6 
-130.26553 ,-10.298989 ,63.7 
-130.51517 ,-10.307154 ,63.8 
-130.79086 ,-10.318192 ,63.9 
-130.8533 ,-10.32753 ,64 
-130.90868 ,-10.341062 ,64.1 
-131.08084 ,-10.349412 ,64.2 
-131.37386 ,-10.357747 ,64.3 
-131.67934 ,-10.368541 ,64.4 
-132.11252 ,-10.377437 ,64.5 
-132.41579 ,-10.387124 ,64.6 
-132.75943 ,-10.39587 ,64.7 
-133.15636 ,-10.407438 ,64.8 
-133.47755 ,-10.420855 ,64.9 
-133.93454 ,-10.427218 ,65 
-134.37163 ,-10.437404 ,65.1 
-134.79509 ,-10.448748 ,65.2 
-135.28009 ,-10.457679 ,65.3 
-135.82681 ,-10.466661 ,65.4 
-136.18932 ,-10.477532 ,65.5 
-136.74699 ,-10.48735 ,65.6 
-137.21451 ,-10.497131 ,65.7 
-137.68259 ,-10.506206 ,65.8 
-138.25124 ,-10.517662 ,65.9 
-138.73207 ,-10.525548 ,66 
-139.28941 ,-10.535567 ,66.1 
-139.86162 ,-10.544379 ,66.2 
-140.35922 ,-10.554299 ,66.3 
-140.90712 ,-10.566021 ,66.4 
-141.39146 ,-10.573524 ,66.5 
-141.94948 ,-10.585015 ,66.6 
-142.37729 ,-10.594695 ,66.7 
-142.93724 ,-10.60414 ,66.8 
-143.36931 ,-10.614187 ,66.9 
-143.81158 ,-10.623333 ,67 
-144.25854 ,-10.631226 ,67.1 
-144.76598 ,-10.643434 ,67.2 
-145.24341 ,-10.65309 ,67.3 
-145.69106 ,-10.663258 ,67.4 
-146.17726 ,-10.671659 ,67.5 
-146.55522 ,-10.684357 ,67.6 
-147.11292 ,-10.690632 ,67.7 
-147.49834 ,-10.703332 ,67.8 
-147.95207 ,-10.712477 ,67.9 
-148.33301 ,-10.723437 ,68 
-148.70662 ,-10.732837 ,68.1 
-149.11168 ,-10.741185 ,68.2 
-149.44991 ,-10.750004 ,68.3 
-149.87978 ,-10.760543 ,68.4 
-150.30571 ,-10.771396 ,68.5 
-150.57642 ,-10.782349 ,68.6 
-150.89476 ,-10.792168 ,68.7 
-151.18449 ,-10.801296 ,68.8 
-151.48152 ,-10.810952 ,68.9 
-151.90399 ,-10.822184 ,69 
-152.19099 ,-10.832036 ,69.1 
-152.44423 ,-10.842273 ,69.2 
-152.69818 ,-10.850325 ,69.3 
-152.95599 ,-10.861117 ,69.4 
-153.14035 ,-10.872818 ,69.5 
-153.4537 ,-10.881005 ,69.6 
-153.71324 ,-10.891047 ,69.7 
-153.9303 ,-10.901322 ,69.8 
-154.14368 ,-10.91204 ,69.9 
-154.32503 ,-10.923201 ,70 
-154.53716 ,-10.933471 ,70.1 
-154.81206 ,-10.942215 ,70.2 
-155.07578 ,-10.952022 ,70.3 
-155.38892 ,-10.963083 ,70.4 
-155.69054 ,-10.971227 ,70.5 
-156.02614 ,-10.981936 ,70.6 
-156.35884 ,-10.990796 ,70.7 
-156.70502 ,-11.002485 ,70.8 
-156.89255 ,-11.010556 ,70.9 
-157.27284 ,-11.020765 ,71 
-157.65598 ,-11.030986 ,71.1 
-157.93811 ,-11.040292 ,71.2 
-158.23563 ,-11.049891 ,71.3 
-158.48306 ,-11.059218 ,71.4 
-158.81021 ,-11.072109 ,71.5 
-159.09088 ,-11.0815 ,71.6 
-159.35802 ,-11.090072 ,71.7 
-159.65361 ,-11.101582 ,71.8 
-159.74287 ,-11.110319 ,71.9 
-159.95461 ,-11.120381 ,72 
-160.06873 ,-11.130282 ,72.1 
-160.24057 ,-11.140835 ,72.2 
-160.39604 ,-11.151236 ,72.3 
-160.40648 ,-11.161777 ,72.4 
-160.5351 ,-11.174897 ,72.5 
-160.46252 ,-11.183451 ,72.6 
-160.44121 ,-11.191897 ,72.7 
-160.35576 ,-11.202325 ,72.8 
-160.26857 ,-11.213778 ,72.9 
-160.15636 ,-11.222778 ,73 
-160.01715 ,-11.233518 ,73.1 
-159.88631 ,-11.246249 ,73.2 
-159.59723 ,-11.257089 ,73.3 
-159.19096 ,-11.266058 ,73.4 
-158.82762 ,-11.278654 ,73.5 
-158.40416 ,-11.290174 ,73.6 
-157.78053 ,-11.299535 ,73.7 
-157.06613 ,-11.312593 ,73.8 
-156.23793 ,-11.324153 ,73.9 
-155.34747 ,-11.333373 ,74 
-154.34695 ,-11.345606 ,74.1 
-153.26535 ,-11.358767 ,74.2 
-152.07607 ,-11.370251 ,74.3 
-150.87158 ,-11.380989 ,74.4 
-149.52168 ,-11.394196 ,74.5 
-148.35147 ,-11.405253 ,74.6 
-147.13292 ,-11.416912 ,74.7 
-145.93407 ,-11.42833 ,74.8 
-144.74712 ,-11.439384 ,74.9 
-143.5406 ,-11.450046 ,75 
-142.53522 ,-11.459805 ,75.1 
-141.43028 ,-11.471828 ,75.2 
-140.42328 ,-11.483848 ,75.3 
-139.42303 ,-11.493308 ,75.4 
-138.47395 ,-11.503617 ,75.5 
-137.62299 ,-11.511493 ,75.6 
-136.71902 ,-11.521753 ,75.7 
-135.84216 ,-11.531416 ,75.8 
-135.00903 ,-11.54266 ,75.9 
-134.25667 ,-11.554411 ,76 
-133.39911 ,-11.563561 ,76.1 
-132.6893 ,-11.572022 ,76.2 
-131.98917 ,-11.582468 ,76.3 
-131.25015 ,-11.592534 ,76.4 
-130.57816 ,-11.602135 ,76.5 
-130.00363 ,-11.61299 ,76.6 
-129.42146 ,-11.62467 ,76.7 
-128.92152 ,-11.635086 ,76.8 
-128.36935 ,-11.646131 ,76.9 
-127.9275 ,-11.654659 ,77 
-127.42928 ,-11.66314 ,77.1 
-126.83782 ,-11.675123 ,77.2 
-126.40022 ,-11.683995 ,77.3 
-126.03124 ,-11.691316 ,77.4 
-125.68897 ,-11.701619 ,77.5 
-125.37225 ,-11.71181 ,77.6 
-124.96016 ,-11.722599 ,77.7 
-124.61311 ,-11.731317 ,77.8 
-124.28995 ,-11.741102 ,77.9 
-123.93032 ,-11.754435 ,78 
-123.63365 ,-11.761398 ,78.1 
-123.55257 ,-11.769379 ,78.2 
-123.25928 ,-11.781138 ,78.3 
-123.1143 ,-11.789904 ,78.4 
-122.90799 ,-11.800339 ,78.5 
-122.67632 ,-11.809064 ,78.6 
-122.52313 ,-11.819757 ,78.7 
-122.39869 ,-11.829913 ,78.8 
-122.23864 ,-11.836943 ,78.9 
-122.22163 ,-11.848531 ,79 
-122.17861 ,-11.857749 ,79.1 
-122.03366 ,-11.867173 ,79.2 
-122.10471 ,-11.876936 ,79.3 
-122.03263 ,-11.885773 ,79.4 
-122.10629 ,-11.896067 ,79.5 
-122.17584 ,-11.905609 ,79.6 
-122.32858 ,-11.913657 ,79.7 
-122.47575 ,-11.923433 ,79.8 
-122.59583 ,-11.934073 ,79.9 
-122.76832 ,-11.944917 ,80 
-122.92588 ,-11.953329 ,80.1 
-123.11443 ,-11.964173 ,80.2 
-123.38515 ,-11.972232 ,80.3 
-123.54517 ,-11.982887 ,80.4 
-123.77729 ,-11.99252 ,80.5 
-124.0082 ,-12.000278 ,80.6 
-124.42555 ,-12.0104 ,80.7 
-124.71394 ,-12.020454 ,80.8 
-124.97777 ,-12.029949 ,80.9 
-125.35959 ,-12.04181 ,81 
-125.64346 ,-12.051126 ,81.1 
-125.83501 ,-12.061461 ,81.2 
-126.22483 ,-12.068972 ,81.3 
-126.66696 ,-12.077954 ,81.4 
-127.07617 ,-12.088916 ,81.5 
-127.47597 ,-12.100032 ,81.6 
-127.79602 ,-12.106966 ,81.7 
-128.21889 ,-12.116879 ,81.8 
-128.66776 ,-12.126966 ,81.9 
-129.01018 ,-12.135384 ,82 
-129.36259 ,-12.146569 ,82.1 
-129.76813 ,-12.154607 ,82.2 
-130.28821 ,-12.165643 ,82.3 
-130.6456 ,-12.175276 ,82.4 
-131.10612 ,-12.182195 ,82.5 
-131.56445 ,-12.195071 ,82.6 
-132.02075 ,-12.204853 ,82.7 
-132.51184 ,-12.216222 ,82.8 
-132.97818 ,-12.223698 ,82.9 
-133.41255 ,-12.233091 ,83 
-133.9158 ,-12.24148 ,83.1 
-134.37782 ,-12.250981 ,83.2 
-134.84857 ,-12.262745 ,83.3 
-135.33327 ,-12.270221 ,83.4 
-135.83572 ,-12.281249 ,83.5 
-136.30257 ,-12.29091 ,83.6 
-136.89717 ,-12.301084 ,83.7 
-137.22165 ,-12.309857 ,83.8 
-137.60637 ,-12.322695 ,83.9 
-138.0448 ,-12.329634 ,84 
-138.58907 ,-12.339751 ,84.1 
-139.02238 ,-12.349462 ,84.2 
-139.34019 ,-12.360114 ,84.3 
-139.74799 ,-12.369823 ,84.4 
-140.10371 ,-12.379563 ,84.5 
-140.48679 ,-12.389373 ,84.6 
-140.74348 ,-12.397272 ,84.7 
-141.1252 ,-12.410024 ,84.8 
-141.34534 ,-12.417274 ,84.9 
-141.59726 ,-12.428782 ,85 
-141.95898 ,-12.437933 ,85.1 
-142.1866 ,-12.447663 ,85.2 
-142.41083 ,-12.457568 ,85.3 
-142.66153 ,-12.467735 ,85.4 
-142.86322 ,-12.479653 ,85.5 
-142.99492 ,-12.488947 ,85.6 
-143.16066 ,-12.499339 ,85.7 
-143.37766 ,-12.508279 ,85.8 
-143.53334 ,-12.518123 ,85.9 
-143.57393 ,-12.528595 ,86 
-143.70573 ,-12.537584 ,86.1 
-143.76733 ,-12.548051 ,86.2 
-143.86183 ,-12.559383 ,86.3 
-143.93207 ,-12.567625 ,86.4 
-143.9884 ,-12.579631 ,86.5 
-144.09125 ,-12.588665 ,86.6 
-144.21416 ,-12.599249 ,86.7 
-144.25894 ,-12.609631 ,86.8 
-144.29024 ,-12.619168 ,86.9 
-144.40776 ,-12.628718 ,87 
-144.56387 ,-12.640561 ,87.1 
-144.6786 ,-12.648558 ,87.2 
-144.69702 ,-12.659001 ,87.3 
-144.74933 ,-12.669076 ,87.4 
-144.87056 ,-12.680638 ,87.5 
-144.95622 ,-12.689648 ,87.6 
-145.01823 ,-12.697968 ,87.7 
-145.17001 ,-12.710487 ,87.8 
-145.22951 ,-12.719354 ,87.9 
-145.25978 ,-12.73081 ,88 
-145.33949 ,-12.739743 ,88.1 
-145.4799 ,-12.749809 ,88.2 
-145.60905 ,-12.761318 ,88.3 
-145.6021 ,-12.769836 ,88.4 
-145.78067 ,-12.781309 ,88.5 
-145.87683 ,-12.789206 ,88.6 
-145.91873 ,-12.800442 ,88.7 
-145.93704 ,-12.810617 ,88.8 
-146.06516 ,-12.820345 ,88.9 
-146.01328 ,-12.830503 ,89 
-145.17424 ,-12.841589 ,89.1 
-144.3848 ,-12.853207 ,89.2 
-143.89471 ,-12.863947 ,89.3 
-143.6261 ,-12.872925 ,89.4 
-143.36349 ,-12.885042 ,89.5 
-142.93269 ,-12.895037 ,89.6 
-142.77608 ,-12.902857 ,89.7 
-142.57928 ,-12.915792 ,89.8 
-142.13235 ,-12.925995 ,89.9 
-141.84784 ,-12.937481 ,90 
-141.64224 ,-12.946445 ,90.1 
-141.36258 ,-12.956499 ,90.2 
-141.03311 ,-12.968002 ,90.3 
-140.81279 ,-12.976761 ,90.4 
-140.52628 ,-12.988289 ,90.5 
-140.22362 ,-12.998991 ,90.6 
-139.92244 ,-13.007444 ,90.7 
-139.63586 ,-13.018433 ,90.8 
-139.36914 ,-13.02919 ,90.9 
-139.15523 ,-13.037554 ,91 
-138.89278 ,-13.049334 ,91.1 
-138.71069 ,-13.059664 ,91.2 
-138.44228 ,-13.067829 ,91.3 
-138.24855 ,-13.078344 ,91.4 
-138.17508 ,-13.090366 ,91.5 
-138.06876 ,-13.100599 ,91.6 
-137.8508 ,-13.109636 ,91.7 
-137.81671 ,-13.120764 ,91.8 
-137.57709 ,-13.127575 ,91.9 
-137.52307 ,-13.140825 ,92 
-137.3932 ,-13.149824 ,92.1 
-137.35776 ,-13.158899 ,92.2 
-137.33131 ,-13.168741 ,92.3 
-137.1891 ,-13.177719 ,92.4 
-136.85866 ,-13.19006 ,92.5 
-136.6328 ,-13.199699 ,92.6 
-136.58752 ,-13.211182 ,92.7 
-136.41154 ,-13.219608 ,92.8 
-136.41393 ,-13.229565 ,92.9 
-136.39677 ,-13.238533 ,93 
-136.45149 ,-13.249189 ,93.1 
-136.49245 ,-13.258856 ,93.2 
-136.5697 ,-13.269007 ,93.3 
-136.61623 ,-13.279367 ,93.4 
-136.69484 ,-13.287977 ,93.5 
-136.71306 ,-13.298248 ,93.6 
-136.91307 ,-13.30933 ,93.7 
-136.93538 ,-13.318453 ,93.8 
-137.22841 ,-13.32691 ,93.9 
-137.34154 ,-13.337925 ,94 
-137.52554 ,-13.34553 ,94.1 
-137.74834 ,-13.358324 ,94.2 
-137.88481 ,-13.365492 ,94.3 
-138.18871 ,-13.377548 ,94.4 
-138.33884 ,-13.385962 ,94.5 
-138.66006 ,-13.395895 ,94.6 
-138.84857 ,-13.405237 ,94.7 
-139.03256 ,-13.41596 ,94.8 
-139.30005 ,-13.425207 ,94.9 
-139.56204 ,-13.434963 ,95 
-139.79518 ,-13.446404 ,95.1 
-140.11171 ,-13.455606 ,95.2 
-140.32883 ,-13.464897 ,95.3 
-140.64598 ,-13.473637 ,95.4 
-140.80345 ,-13.483089 ,95.5 
-141.1273 ,-13.494083 ,95.6 
-141.32516 ,-13.502275 ,95.7 
-141.53769 ,-13.510321 ,95.8 
-141.82404 ,-13.523508 ,95.9 
-142.05008 ,-13.534763 ,96 
-142.30104 ,-13.541559 ,96.1 
-142.50557 ,-13.553377 ,96.2 
-142.77148 ,-13.561205 ,96.3 
-143.10793 ,-13.5728 ,96.4 
-143.30109 ,-13.583605 ,96.5 
-143.46838 ,-13.590672 ,96.6 
-143.68179 ,-13.601736 ,96.7 
-143.93422 ,-13.61129 ,96.8 
-144.10078 ,-13.62167 ,96.9 
-144.26149 ,-13.63065 ,97 
-144.51048 ,-13.641193 ,97.1 
-144.70537 ,-13.652172 ,97.2 
-144.9146 ,-13.66143 ,97.3 
-145.04332 ,-13.670517 ,97.4 
-145.17175 ,-13.680857 ,97.5 
-145.32805 ,-13.691496 ,97.6 
-145.47263 ,-13.700663 ,97.7 
-145.55476 ,-13.710552 ,97.8 
-145.66438 ,-13.721371 ,97.9 
-145.89096 ,-13.73085 ,98 
-145.96133 ,-13.74058 ,98.1 
-146.12093 ,-13.751286 ,98.2 
-146.22372 ,-13.760506 ,98.3 
-146.31256 ,-13.771322 ,98.4 
-146.52866 ,-13.782101 ,98.5 
-146.64592 ,-13.79125 ,98.6 
-146.71788 ,-13.80155 ,98.7 
-146.85484 ,-13.811045 ,98.8 
-146.92909 ,-13.821217 ,98.9 
-147.07356 ,-13.832685 ,99 
-147.18047 ,-13.841995 ,99.1 
-147.26115 ,-13.849075 ,99.2 
-147.37646 ,-13.86096 ,99.3 
-147.42487 ,-13.869251 ,99.4 
-147.54897 ,-13.879051 ,99.5 
-147.59299 ,-13.890854 ,99.6 
-147.72372 ,-13.900921 ,99.7 
-147.71021 ,-13.909395 ,99.8 
-147.85449 ,-13.921068 ,99.9 
-147.89545 ,-13.931665 ,100 
-147.93593 ,-13.940456 ,100.1 
-148.02974 ,-13.951065 ,100.2 
-148.14455 ,-13.9617 ,100.3 
-148.17422 ,-13.971495 ,100.4 
-148.26334 ,-13.981676 ,100.5 
-148.47823 ,-13.992573 ,100.6 
-148.62801 ,-14.001047 ,100.7 
-148.7617 ,-14.010073 ,100.8 
-148.89096 ,-14.019653 ,100.9 
-149.24451 ,-14.030571 ,101 
-149.41068 ,-14.038713 ,101.1 
-149.53799 ,-14.051413 ,101.2 
-149.7186 ,-14.06155 ,101.3 
-149.85611 ,-14.068975 ,101.4 
-150.10086 ,-14.080046 ,101.5 
-150.24989 ,-14.090405 ,101.6 
-150.52426 ,-14.099855 ,101.7 
-150.74515 ,-14.109421 ,101.8 
-150.98154 ,-14.118439 ,101.9 
-151.28229 ,-14.128479 ,102 
-151.47023 ,-14.140121 ,102.1 
-151.69844 ,-14.149 ,102.2 
-151.91006 ,-14.159101 ,102.3 
-152.04008 ,-14.17046 ,102.4 
-152.24464 ,-14.178026 ,102.5 
-152.51764 ,-14.1896 ,102.6 
-152.68127 ,-14.198986 ,102.7 
-152.96756 ,-14.208843 ,102.8 
-152.99771 ,-14.217102 ,102.9 
-153.22028 ,-14.228647 ,103 
-153.31271 ,-14.238962 ,103.1 
-153.42177 ,-14.248554 ,103.2 
-153.57829 ,-14.25869 ,103.3 
-153.75154 ,-14.268486 ,103.4 
-153.77942 ,-14.278521 ,103.5 
-153.99384 ,-14.289621 ,103.6 
-154.0808 ,-14.297892 ,103.7 
-154.30635 ,-14.30937 ,103.8 
-154.48621 ,-14.318653 ,103.9 
-154.60851 ,-14.328255 ,104 
-154.79373 ,-14.336775 ,104.1 
-154.93472 ,-14.347105 ,104.2 
-155.18591 ,-14.358934 ,104.3 
-155.36069 ,-14.369366 ,104.4 
-155.48817 ,-14.378479 ,104.5 
-155.64127 ,-14.386772 ,104.6 
-155.84337 ,-14.399429 ,104.7 
-155.90518 ,-14.407358 ,104.8 
-155.97446 ,-14.416109 ,104.9 
-156.06175 ,-14.427763 ,105 
-156.03525 ,-14.438921 ,105.1 
-156.00836 ,-14.447628 ,105.2 
-156.00589 ,-14.460497 ,105.3 
-156.00142 ,-14.468349 ,105.4 
-155.98189 ,-14.480879 ,105.5 
-155.86476 ,-14.490057 ,105.6 
-155.68347 ,-14.503397 ,105.7 
-155.57573 ,-14.510685 ,105.8 
-155.45219 ,-14.51849 ,105.9 
-155.36859 ,-14.531898 ,106 
-155.21251 ,-14.541788 ,106.1 
-155.0473 ,-14.552202 ,106.2 
-154.91339 ,-14.563345 ,106.3 
-154.79077 ,-14.5744 ,106.4 
-154.67174 ,-14.581413 ,106.5 
-154.64258 ,-14.593454 ,106.6 
-154.49075 ,-14.60293 ,106.7 
-154.31203 ,-14.613279 ,106.8 
-154.11975 ,-14.623674 ,106.9 
-154.00784 ,-14.634504 ,107 
-153.94386 ,-14.643766 ,107.1 
-153.77319 ,-14.655094 ,107.2 
-153.66023 ,-14.666265 ,107.3 
-153.6066 ,-14.67466 ,107.4 
-153.49794 ,-14.686218 ,107.5 
-153.35092 ,-14.696741 ,107.6 
-153.29376 ,-14.706814 ,107.7 
-153.08264 ,-14.716854 ,107.8 
-152.94386 ,-14.725395 ,107.9 
-152.91841 ,-14.73563 ,108 
-152.65918 ,-14.745193 ,108.1 
-152.43163 ,-14.755114 ,108.2 
-152.17001 ,-14.766937 ,108.3 
-152.04338 ,-14.77774 ,108.4 
-151.93837 ,-14.789043 ,108.5 
-151.78664 ,-14.797848 ,108.6 
-151.67073 ,-14.809013 ,108.7 
-151.64751 ,-14.818579 ,108.8 
-151.61629 ,-14.82756 ,108.9 
-151.52872 ,-14.838192 ,109 
-151.47328 ,-14.84866 ,109.1 
-151.47601 ,-14.857704 ,109.2 
-151.332 ,-14.86974 ,109.3 
-151.32922 ,-14.877394 ,109.4 
-151.40283 ,-14.891052 ,109.5 
-151.48897 ,-14.897537 ,109.6 
-151.53436 ,-14.905432 ,109.7 
-151.52203 ,-14.918104 ,109.8 
-151.51167 ,-14.926529 ,109.9 
-151.56256 ,-14.938763 ,110 
-151.48793 ,-14.94768 ,110.1 
-151.61627 ,-14.957552 ,110.2 
-151.61392 ,-14.966518 ,110.3 
-151.58673 ,-14.975925 ,110.4 
-151.68855 ,-14.987921 ,110.5 
-151.65175 ,-14.997038 ,110.6 
-151.69185 ,-15.005674 ,110.7 
-151.73933 ,-15.017429 ,110.8 
-151.70819 ,-15.027035 ,110.9 
-151.69023 ,-15.036572 ,111 
-151.64651 ,-15.044704 ,111.1 
-151.70685 ,-15.056091 ,111.2 
-151.66685 ,-15.065361 ,111.3 
-151.63541 ,-15.076317 ,111.4 
-151.64577 ,-15.086485 ,111.5 
-151.59512 ,-15.097183 ,111.6 
-151.57896 ,-15.106833 ,111.7 
-151.48236 ,-15.116402 ,111.8 
-151.48039 ,-15.127167 ,111.9 
-151.34697 ,-15.136866 ,112 
-151.20821 ,-15.146807 ,112.1 
-151.1846 ,-15.157949 ,112.2 
-151.06519 ,-15.167271 ,112.3 
-150.89789 ,-15.179064 ,112.4 
-150.7347 ,-15.186703 ,112.5 
-150.54915 ,-15.198139 ,112.6 
-150.38951 ,-15.208626 ,112.7 
-150.22212 ,-15.217911 ,112.8 
-150.08855 ,-15.227436 ,112.9 
-149.94475 ,-15.238977 ,113 
-149.791 ,-15.247206 ,113.1 
-149.75972 ,-15.260241 ,113.2 
-149.55998 ,-15.268454 ,113.3 
-149.49689 ,-15.278635 ,113.4 
-149.3676 ,-15.289185 ,113.5 
-149.3567 ,-15.298092 ,113.6 
-149.23332 ,-15.309231 ,113.7 
-149.09084 ,-15.320005 ,113.8 
-149.01575 ,-15.330065 ,113.9 
-148.88541 ,-15.338432 ,114 
-148.80231 ,-15.349062 ,114.1 
-148.64635 ,-15.35994 ,114.2 
-148.63828 ,-15.368282 ,114.3 
-148.56134 ,-15.380215 ,114.4 
-148.41374 ,-15.387699 ,114.5 
-148.39661 ,-15.399416 ,114.6 
-148.20503 ,-15.409855 ,114.7 
-148.17172 ,-15.420725 ,114.8 
-148.16199 ,-15.429193 ,114.9 
-148.20401 ,-15.439995 ,115 
-148.05867 ,-15.449863 ,115.1 
-148.01062 ,-15.457766 ,115.2 
-148.00069 ,-15.47081 ,115.3 
-147.92845 ,-15.480061 ,115.4 
-147.8857 ,-15.488361 ,115.5 
-147.90036 ,-15.497097 ,115.6 
-147.87833 ,-15.508547 ,115.7 
-147.88361 ,-15.519178 ,115.8 
-147.96037 ,-15.529438 ,115.9 
-147.96248 ,-15.538548 ,116 
-148.01384 ,-15.547125 ,116.1 
-148.03497 ,-15.557926 ,116.2 
-148.03908 ,-15.567152 ,116.3 
-148.04901 ,-15.578163 ,116.4 
-148.18071 ,-15.588717 ,116.5 
-148.25824 ,-15.597588 ,116.6 
-148.37962 ,-15.607613 ,116.7 
-148.49065 ,-15.615509 ,116.8 
-148.62053 ,-15.626141 ,116.9 
-148.75517 ,-15.636309 ,117 
-148.86159 ,-15.644812 ,117.1 
-149.06094 ,-15.654678 ,117.2 
-149.20049 ,-15.666433 ,117.3 
-149.39798 ,-15.676712 ,117.4 
-149.59055 ,-15.684576 ,117.5 
-149.80566 ,-15.69623 ,117.6 
-149.97351 ,-15.703852 ,117.7 
-150.16258 ,-15.713804 ,117.8 
-150.46373 ,-15.726593 ,117.9 
-150.61658 ,-15.731714 ,118 
-150.87112 ,-15.744587 ,118.1 
-151.06792 ,-15.755735 ,118.2 
-151.21391 ,-15.763098 ,118.3 
-151.34576 ,-15.773724 ,118.4 
-151.55026 ,-15.782114 ,118.5 
-151.76498 ,-15.792355 ,118.6 
-151.87274 ,-15.801247 ,118.7 
-152.02104 ,-15.810486 ,118.8 
-152.14656 ,-15.822893 ,118.9 
-152.27165 ,-15.832756 ,119 
-152.3887 ,-15.842028 ,119.1 
-152.56497 ,-15.850706 ,119.2 
-152.66541 ,-15.861317 ,119.3 
-152.72682 ,-15.87216 ,119.4 
-152.7256 ,-15.882694 ,119.5 
-152.83163 ,-15.891676 ,119.6 
-152.83444 ,-15.901794 ,119.7 
-152.84377 ,-15.909763 ,119.8 
-152.91869 ,-15.922106 ,119.9 
-152.94505 ,-15.933586 ,120 
-152.82886 ,-15.94145 ,120.1 
-152.90308 ,-15.953482 ,120.2 
-152.87912 ,-15.963915 ,120.3 
-152.82848 ,-15.97258 ,120.4 
-152.8613 ,-15.984083 ,120.5 
-152.80017 ,-15.994408 ,120.6 
-152.69176 ,-16.004358 ,120.7 
-152.6761 ,-16.012766 ,120.8 
-152.67622 ,-16.023527 ,120.9 
-152.63521 ,-16.032421 ,121 
-152.5793 ,-16.043436 ,121.1 
-152.52472 ,-16.05381 ,121.2 
-152.44853 ,-16.065233 ,121.3 
-152.32559 ,-16.074835 ,121.4 
-152.28244 ,-16.084333 ,121.5 
-152.12189 ,-16.094393 ,121.6 
-152.05898 ,-16.105782 ,121.7 
-151.94386 ,-16.115307 ,121.8 
-151.84395 ,-16.12495 ,121.9 
-151.74121 ,-16.135334 ,122 
-151.60312 ,-16.144274 ,122.1 
-151.43054 ,-16.156433 ,122.2 
-151.36079 ,-16.16563 ,122.3 
-151.26593 ,-16.175114 ,122.4 
-151.19247 ,-16.185844 ,122.5 
-151.16617 ,-16.196108 ,122.6 
-151.23387 ,-16.20719 ,122.7 
-151.2597 ,-16.215874 ,122.8 
-151.35521 ,-16.226389 ,122.9 
-151.51105 ,-16.235878 ,123 
-151.68906 ,-16.246721 ,123.1 
-151.73889 ,-16.256025 ,123.2 
-151.9203 ,-16.265903 ,123.3 
-152.09045 ,-16.27347 ,123.4 
-152.3434 ,-16.284649 ,123.5 
-152.38258 ,-16.295609 ,123.6 
-152.57695 ,-16.304331 ,123.7 
-152.75955 ,-16.312721 ,123.8 
-152.97874 ,-16.323515 ,123.9 
-153.04335 ,-16.33283 ,124 
-153.17398 ,-16.345085 ,124.1 
-153.39439 ,-16.354048 ,124.2 
-153.4402 ,-16.361744 ,124.3 
-153.51022 ,-16.374062 ,124.4 
-153.57826 ,-16.383781 ,124.5 
-153.60275 ,-16.393019 ,124.6 
-153.57527 ,-16.401945 ,124.7 
-153.54399 ,-16.412794 ,124.8 
-153.41586 ,-16.423063 ,124.9 
-153.33759 ,-16.432392 ,125 
-153.1563 ,-16.443508 ,125.1 
-153.10051 ,-16.45557 ,125.2 
-152.8564 ,-16.466478 ,125.3 
-152.58018 ,-16.476461 ,125.4 
-152.37091 ,-16.485611 ,125.5 
-152.16058 ,-16.496109 ,125.6 
-151.97893 ,-16.507776 ,125.7 
-151.77919 ,-16.516514 ,125.8 
-151.62956 ,-16.526657 ,125.9 
-151.50543 ,-16.537666 ,126 
-151.35078 ,-16.547291 ,126.1 
-151.33469 ,-16.557022 ,126.2 
-151.17833 ,-16.569111 ,126.3 
-151.0484 ,-16.57905 ,126.4 
-150.9549 ,-16.588669 ,126.5 
-150.81837 ,-16.59828 ,126.6 
-150.72873 ,-16.607119 ,126.7 
-150.60768 ,-16.617544 ,126.8 
-150.58189 ,-16.627392 ,126.9 
-150.44981 ,-16.639175 ,127 
-150.27406 ,-16.64962 ,127.1 
-150.13277 ,-16.657486 ,127.2 
-150.07254 ,-16.669012 ,127.3 
-149.87297 ,-16.678511 ,127.4 
-149.80615 ,-16.689455 ,127.5 
-149.56383 ,-16.699291 ,127.6 
-149.37932 ,-16.709496 ,127.7 
-149.32881 ,-16.719175 ,127.8 
-149.17635 ,-16.728413 ,127.9 
-149.06456 ,-16.740328 ,128 
-148.90776 ,-16.750473 ,128.1 
-148.77997 ,-16.758329 ,128.2 
-148.66573 ,-16.770687 ,128.3 
-148.59938 ,-16.778141 ,128.4 
-148.4646 ,-16.788879 ,128.5 
-148.43468 ,-16.799982 ,128.6 
-148.45789 ,-16.809872 ,128.7 
-148.39565 ,-16.817589 ,128.8 
-148.41064 ,-16.83 ,128.9 
-148.43765 ,-16.838678 ,129 
-148.61275 ,-16.849262 ,129.1 
-148.64638 ,-16.859859 ,129.2 
-148.7186 ,-16.867529 ,129.3 
-148.7579 ,-16.878731 ,129.4 
-148.8499 ,-16.887402 ,129.5 
-148.99878 ,-16.899033 ,129.6 
-149.08162 ,-16.908354 ,129.7 
-149.15173 ,-16.916515 ,129.8 
-149.22363 ,-16.92627 ,129.9 
-149.31088 ,-16.937983 ,130 
-149.3848 ,-16.947294 ,130.1 
-149.47202 ,-16.959105 ,130.2 
-149.46214 ,-16.967081 ,130.3 
-149.51018 ,-16.975368 ,130.4 
-149.61189 ,-16.985533 ,130.5 
-149.56094 ,-16.996374 ,130.6 
-149.64702 ,-17.005739 ,130.7 
-149.55537 ,-17.01664 ,130.8 
-149.55547 ,-17.025946 ,130.9 
-149.57408 ,-17.035221 ,131 
-149.57367 ,-17.046139 ,131.1 
-149.62186 ,-17.054838 ,131.2 
-149.56136 ,-17.066942 ,131.3 
-149.5627 ,-17.077654 ,131.4 
-149.53535 ,-17.086954 ,131.5 
-149.46867 ,-17.098652 ,131.6 
-149.32396 ,-17.105621 ,131.7 
-149.24176 ,-17.116854 ,131.8 
-149.06241 ,-17.127998 ,131.9 
-149.02806 ,-17.13718 ,132 
-148.88623 ,-17.146002 ,132.1 
-148.75432 ,-17.157207 ,132.2 
-148.57484 ,-17.165894 ,132.3 
-148.36995 ,-17.179136 ,132.4 
-148.19363 ,-17.188183 ,132.5 
-148.01683 ,-17.200912 ,132.6 
-147.79974 ,-17.207426 ,132.7 
-147.53444 ,-17.219488 ,132.8 
-147.31842 ,-17.230043 ,132.9 
-147.052 ,-17.239359 ,133 
-146.7823 ,-17.248051 ,133.1 
-146.50124 ,-17.259983 ,133.2 
-146.22903 ,-17.268669 ,133.3 
-146.05421 ,-17.280857 ,133.4 
-145.80386 ,-17.289879 ,133.5 
-145.42986 ,-17.298199 ,133.6 
-145.21234 ,-17.311176 ,133.7 
-144.95079 ,-17.321795 ,133.8 
-144.70183 ,-17.331654 ,133.9 
-144.44463 ,-17.341133 ,134 
-144.23714 ,-17.351667 ,134.1 
-143.95682 ,-17.360949 ,134.2 
-143.76735 ,-17.370499 ,134.3 
-143.55341 ,-17.38117 ,134.4 
-143.3848 ,-17.391123 ,134.5 
-143.2254 ,-17.400948 ,134.6 
-143.08473 ,-17.411465 ,134.7 
-142.96109 ,-17.42135 ,134.8 
-142.82877 ,-17.432165 ,134.9 
-142.79408 ,-17.441187 ,135 
-142.92984 ,-17.450914 ,135.1 
-142.96213 ,-17.462515 ,135.2 
-142.99466 ,-17.472265 ,135.3 
-143.09357 ,-17.479052 ,135.4 
-143.2785 ,-17.490389 ,135.5 
-143.37184 ,-17.501059 ,135.6 
-143.63017 ,-17.510406 ,135.7 
-143.72115 ,-17.51865 ,135.8 
-143.90378 ,-17.529192 ,135.9 
-143.99255 ,-17.539673 ,136 
-144.24623 ,-17.546255 ,136.1 
-144.37178 ,-17.557508 ,136.2 
-144.51462 ,-17.56646 ,136.3 
-144.61888 ,-17.577888 ,136.4 
-144.7346 ,-17.587648 ,136.5 
-144.88248 ,-17.598475 ,136.6 
-144.90849 ,-17.604851 ,136.7 
-145.07497 ,-17.6175 ,136.8 
-145.17558 ,-17.625879 ,136.9 
-145.1965 ,-17.637047 ,137 
-145.31186 ,-17.646631 ,137.1 
-145.34598 ,-17.655344 ,137.2 
-145.36253 ,-17.665501 ,137.3 
-145.48959 ,-17.67548 ,137.4 
-145.55663 ,-17.686054 ,137.5 
-145.49292 ,-17.695625 ,137.6 
-145.5314 ,-17.704769 ,137.7 
-145.48096 ,-17.715919 ,137.8 
-145.52702 ,-17.726923 ,137.9 
-145.43672 ,-17.735538 ,138 
-145.41008 ,-17.746418 ,138.1 
-145.37553 ,-17.756317 ,138.2 
-145.33733 ,-17.767321 ,138.3 
-145.3317 ,-17.775534 ,138.4 
-145.36064 ,-17.785873 ,138.5 
-145.36494 ,-17.794712 ,138.6 
-145.29706 ,-17.805321 ,138.7 
-145.33408 ,-17.816853 ,138.8 
-145.33824 ,-17.824596 ,138.9 
-145.38278 ,-17.837502 ,139 
-145.36862 ,-17.847544 ,139.1 
-145.31573 ,-17.858332 ,139.2 
-145.36488 ,-17.864697 ,139.3 
-145.30444 ,-17.879671 ,139.4 
-145.2905 ,-17.885216 ,139.5 
-145.1998 ,-17.895317 ,139.6 
-145.17841 ,-17.908175 ,139.7 
-145.11362 ,-17.916924 ,139.8 
-145.10727 ,-17.924299 ,139.9 
-145.01276 ,-17.935801 ,140 
-144.89285 ,-17.945118 ,140.1 
-144.88272 ,-17.956198 ,140.2 
-144.79581 ,-17.967421 ,140.3 
-144.73442 ,-17.975296 ,140.4 
-144.61774 ,-17.986237 ,140.5 
-144.49126 ,-17.997761 ,140.6 
-144.41988 ,-18.007175 ,140.7 
-144.27017 ,-18.016335 ,140.8 
-144.21906 ,-18.027847 ,140.9 
-144.11905 ,-18.037546 ,141 
-144.01736 ,-18.047035 ,141.1 
-143.9464 ,-18.058247 ,141.2 
-143.8365 ,-18.067837 ,141.3 
-143.84596 ,-18.077234 ,141.4 
-143.80478 ,-18.088005 ,141.5 
-143.70609 ,-18.097998 ,141.6 
-143.76471 ,-18.106045 ,141.7 
-143.81592 ,-18.115158 ,141.8 
-143.67625 ,-18.126383 ,141.9 
-143.64589 ,-18.137178 ,142 
-143.58684 ,-18.146429 ,142.1 
-143.65665 ,-18.156855 ,142.2 
-143.62993 ,-18.166857 ,142.3 
-143.69785 ,-18.176399 ,142.4 
-143.61449 ,-18.186317 ,142.5 
-143.68208 ,-18.197912 ,142.6 
-143.66841 ,-18.205721 ,142.7 
-143.70192 ,-18.214655 ,142.8 
-143.72487 ,-18.227831 ,142.9 
-143.79773 ,-18.237331 ,143 
-143.83466 ,-18.245516 ,143.1 
-143.9006 ,-18.256062 ,143.2 
-143.9572 ,-18.26585 ,143.3 
-143.92538 ,-18.276949 ,143.4 
-143.849 ,-18.286114 ,143.5 
-143.93721 ,-18.295898 ,143.6 
-143.97528 ,-18.307959 ,143.7 
-143.90848 ,-18.316273 ,143.8 
-143.9436 ,-18.325365 ,143.9 
-143.95599 ,-18.335714 ,144 
-143.87849 ,-18.34893 ,144.1 
-143.81557 ,-18.355509 ,144.2 
-143.76955 ,-18.365345 ,144.3 
-143.67679 ,-18.37575 ,144.4 
-143.64632 ,-18.385017 ,144.5 
-143.51953 ,-18.396725 ,144.6 
-143.33698 ,-18.404675 ,144.7 
-143.1765 ,-18.417973 ,144.8 
-143.03377 ,-18.428444 ,144.9 
-142.78625 ,-18.436918 ,145 
-142.59294 ,-18.447714 ,145.1 
-142.40968 ,-18.456482 ,145.2 
-142.17171 ,-18.468102 ,145.3 
-142.02213 ,-18.478991 ,145.4 
-141.68843 ,-18.488159 ,145.5 
-141.46878 ,-18.498196 ,145.6 
-141.24582 ,-18.507507 ,145.7 
-140.97256 ,-18.519049 ,145.8 
-140.78198 ,-18.528999 ,145.9 
-140.45377 ,-18.538788 ,146 
-140.25981 ,-18.550009 ,146.1 
-140.04207 ,-18.560734 ,146.2 
-139.80298 ,-18.570087 ,146.3 
-139.60799 ,-18.5818 ,146.4 
-139.46112 ,-18.590643 ,146.5 
-139.19049 ,-18.600082 ,146.6 
-139.02654 ,-18.6099 ,146.7 
-138.83775 ,-18.620401 ,146.8 
-138.6806 ,-18.630836 ,146.9 
-138.39127 ,-18.641405 ,147 
-138.26543 ,-18.650372 ,147.1 
-138.02635 ,-18.66206 ,147.2 
-137.95723 ,-18.671761 ,147.3 
-137.73396 ,-18.68082 ,147.4 
-137.53862 ,-18.690905 ,147.5 
-137.44229 ,-18.701118 ,147.6 
-137.23337 ,-18.710466 ,147.7 
-137.05893 ,-18.721083 ,147.8 
-136.95325 ,-18.732309 ,147.9 
-136.85847 ,-18.741306 ,148 
-136.63379 ,-18.750874 ,148.1 
-136.47427 ,-18.759977 ,148.2 
-136.2814 ,-18.769205 ,148.3 
-136.18538 ,-18.779581 ,148.4 
-136.14771 ,-18.788343 ,148.5 
-136.02727 ,-18.799852 ,148.6 
-136.02747 ,-18.810766 ,148.7 
-135.90276 ,-18.819128 ,148.8 
-135.82524 ,-18.829544 ,148.9 
-135.79958 ,-18.83976 ,149 
-135.80251 ,-18.849274 ,149.1 
-135.83086 ,-18.860645 ,149.2 
-135.92937 ,-18.866972 ,149.3 
-136.03134 ,-18.878641 ,149.4 
-136.12088 ,-18.887785 ,149.5 
-136.28752 ,-18.898666 ,149.6 
-136.45665 ,-18.906843 ,149.7 
-136.63362 ,-18.918583 ,149.8 
-136.75586 ,-18.926466 ,149.9 
-136.86972 ,-18.939548 ,150 
-137.05095 ,-18.949244 ,150.1 
-137.20045 ,-18.95941 ,150.2 
-137.39014 ,-18.966257 ,150.3 
-137.62892 ,-18.977571 ,150.4 
-137.82378 ,-18.986368 ,150.5 
-138.08138 ,-18.997175 ,150.6 
-138.20901 ,-19.00605 ,150.7 
-138.52467 ,-19.015778 ,150.8 
-138.6498 ,-19.027134 ,150.9 
-138.86967 ,-19.036034 ,151 
-138.93573 ,-19.046101 ,151.1 
-139.0874 ,-19.054667 ,151.2 
-139.30675 ,-19.065098 ,151.3 
-139.41092 ,-19.073889 ,151.4 
-139.48459 ,-19.086267 ,151.5 
-139.5883 ,-19.097017 ,151.6 
-139.61685 ,-19.104536 ,151.7 
-139.8212 ,-19.113485 ,151.8 
-139.94312 ,-19.123852 ,151.9 
-139.94986 ,-19.136326 ,152 
-140.02428 ,-19.145498 ,152.1 
-140.04997 ,-19.155975 ,152.2 
-140.05089 ,-19.164879 ,152.3 
-140.02113 ,-19.174606 ,152.4 
-140.04929 ,-19.185089 ,152.5 
-140.03912 ,-19.195368 ,152.6 
-140.05769 ,-19.204998 ,152.7 
-139.89438 ,-19.214844 ,152.8 
-139.89471 ,-19.224886 ,152.9 
-140.00616 ,-19.231838 ,153 
-139.81009 ,-19.245766 ,153.1 
-139.57835 ,-19.256514 ,153.2 
-139.28854 ,-19.266054 ,153.3 
-139.06064 ,-19.275305 ,153.4 
-138.91014 ,-19.286091 ,153.5 
-138.72966 ,-19.295126 ,153.6 
-138.71422 ,-19.30677 ,153.7 
-138.58907 ,-19.317427 ,153.8 
-138.58002 ,-19.327625 ,153.9 
-138.64299 ,-19.33474 ,154 
-138.58461 ,-19.347628 ,154.1 
-138.59467 ,-19.35667 ,154.2 
-138.67354 ,-19.363913 ,154.3 
-138.81488 ,-19.375349 ,154.4 
-138.74872 ,-19.384897 ,154.5 
-138.80414 ,-19.395782 ,154.6 
-138.86653 ,-19.406237 ,154.7 
-138.87491 ,-19.417255 ,154.8 
-138.91968 ,-19.427717 ,154.9 
-139.02882 ,-19.435408 ,155 
-139.07899 ,-19.445435 ,155.1 
-139.11258 ,-19.454157 ,155.2 
-139.16014 ,-19.466145 ,155.3 
-139.17403 ,-19.474752 ,155.4 
-139.29494 ,-19.485003 ,155.5 
-139.32419 ,-19.494425 ,155.6 
-139.45956 ,-19.504225 ,155.7 
-139.53183 ,-19.515915 ,155.8 
-139.61172 ,-19.525124 ,155.9 
-139.74059 ,-19.535086 ,156 
-139.83562 ,-19.543137 ,156.1 
-139.99107 ,-19.556185 ,156.2 
-140.12444 ,-19.565161 ,156.3 
-140.25967 ,-19.57518 ,156.4 
-140.36014 ,-19.585629 ,156.5 
-140.49191 ,-19.594486 ,156.6 
-140.68275 ,-19.603184 ,156.7 
-140.88553 ,-19.615103 ,156.8 
-141.16435 ,-19.622541 ,156.9 
-141.4207 ,-19.633923 ,157 
-141.63339 ,-19.643143 ,157.1 
-141.87538 ,-19.652672 ,157.2 
-142.14172 ,-19.662334 ,157.3 
-142.35751 ,-19.671238 ,157.4 
-142.64339 ,-19.68125 ,157.5 
-142.87886 ,-19.694017 ,157.6 
-143.01631 ,-19.701733 ,157.7 
-143.30928 ,-19.710936 ,157.8 
-143.6123 ,-19.722469 ,157.9 
-143.87077 ,-19.730103 ,158 
-143.99309 ,-19.741297 ,158.1 
-144.26521 ,-19.751072 ,158.2 
-144.53119 ,-19.761791 ,158.3 
-144.56398 ,-19.771097 ,158.4 
-144.77122 ,-19.779541 ,158.5 
-145.00082 ,-19.791996 ,158.6 
-145.05594 ,-19.800575 ,158.7 
-145.17024 ,-19.810526 ,158.8 
-145.29039 ,-19.819759 ,158.9 
-145.30553 ,-19.830929 ,159 
-145.33789 ,-19.840975 ,159.1 
-145.34586 ,-19.851191 ,159.2 
-145.36375 ,-19.860758 ,159.3 
-145.36327 ,-19.87117 ,159.4 
-145.31842 ,-19.881336 ,159.5 
-145.24951 ,-19.891399 ,159.6 
-145.2072 ,-19.902931 ,159.7 
-145.03784 ,-19.913618 ,159.8 
-144.89288 ,-19.921713 ,159.9 
-144.82869 ,-19.931622 ,160 
-144.67552 ,-19.944164 ,160.1 
-144.42403 ,-19.953005 ,160.2 
-144.13451 ,-19.965269 ,160.3 
-143.91556 ,-19.97438 ,160.4 
-143.74895 ,-19.988415 ,160.5 
-143.37494 ,-19.993929 ,160.6 
-142.90013 ,-20.004835 ,160.7 
-142.02747 ,-20.008722 ,160.8 
-141.23065 ,-20.009077 ,160.9 
-140.61954 ,-20.010021 ,161 
-140.16769 ,-20.011148 ,161.1 
-139.79477 ,-20.009317 ,161.2 
-139.53365 ,-20.011789 ,161.3 
-139.33382 ,-20.009434 ,161.4 
-139.16678 ,-20.012291 ,161.5 
-138.9785 ,-20.011721 ,161.6 
-138.83696 ,-20.010944 ,161.7 
-138.69804 ,-20.010597 ,161.8 
-138.56842 ,-20.010691 ,161.9 
-138.47351 ,-20.01174 ,162 
-138.38615 ,-20.008963 ,162.1 
-138.28229 ,-20.009308 ,162.2 
-138.20113 ,-20.009224 ,162.3 
-138.11313 ,-20.011112 ,162.4 
-138.02826 ,-20.011574 ,162.5 
-137.95505 ,-20.01071 ,162.6 
-137.8755 ,-20.010969 ,162.7 
-137.82919 ,-20.010681 ,162.8 
-137.7598 ,-20.011044 ,162.9 
-137.68211 ,-20.010605 ,163 
-137.63771 ,-20.009861 ,163.1 
-137.5612 ,-20.008423 ,163.2 
-137.5118 ,-20.010492 ,163.3 
-137.46947 ,-20.010199 ,163.4 
-137.40141 ,-20.008471 ,163.5 
-137.37531 ,-20.009857 ,163.6 
-137.29631 ,-20.009588 ,163.7 
-137.25327 ,-20.009834 ,163.8 
-137.21288 ,-20.008314 ,163.9 
-137.19041 ,-20.008997 ,164 
-137.11253 ,-20.008036 ,164.1 
-137.08452 ,-20.009748 ,164.2 
-137.08049 ,-20.010157 ,164.3 
-137.05292 ,-20.009562 ,164.4 
-137.01801 ,-20.008305 ,164.5 
-136.96013 ,-20.008743 ,164.6 
-136.9236 ,-20.008652 ,164.7 
-136.84039 ,-20.008341 ,164.8 
-136.80968 ,-20.008114 ,164.9 
-136.77261 ,-20.007668 ,165 
-136.76436 ,-20.007168 ,165.1 
-136.75554 ,-20.009916 ,165.2 
-136.68779 ,-20.007811 ,165.3 
-136.63301 ,-20.009441 ,165.4 
-136.61896 ,-20.008293 ,165.5 
-136.82669 ,-20.00881 ,165.6 
-137.62003 ,-20.012566 ,165.7 
-139.50497 ,-20.022717 ,165.8 
-141.13399 ,-20.028976 ,165.9 
-142.39252 ,-20.038599 ,166 
-142.79161 ,-20.049242 ,166.1 
-142.57234 ,-20.059242 ,166.2 
-142.11546 ,-20.072184 ,166.3 
-141.55925 ,-20.083078 ,166.4 
-140.98888 ,-20.093216 ,166.5 
-140.50357 ,-20.104088 ,166.6 
-139.89528 ,-20.115522 ,166.7 
-139.45953 ,-20.126339 ,166.8 
-138.88245 ,-20.138659 ,166.9 
-138.41049 ,-20.14687 ,167 
-137.91446 ,-20.15933 ,167.1 
-137.33339 ,-20.168261 ,167.2 
-136.86522 ,-20.177551 ,167.3 
-136.19362 ,-20.190367 ,167.4 
-135.67671 ,-20.201302 ,167.5 
-135.04234 ,-20.211628 ,167.6 
-134.51782 ,-20.222267 ,167.7 
-134.15067 ,-20.232975 ,167.8 
-133.7112 ,-20.243702 ,167.9 
-133.1366 ,-20.254036 ,168 
-132.63144 ,-20.263462 ,168.1 
-132.17252 ,-20.273897 ,168.2 
-131.70462 ,-20.285004 ,168.3 
-131.27162 ,-20.294043 ,168.4 
-130.88512 ,-20.304897 ,168.5 
-130.58548 ,-20.314671 ,168.6 
-130.21269 ,-20.325907 ,168.7 
-129.85078 ,-20.336485 ,168.8 
-129.44321 ,-20.344326 ,168.9 
-129.29515 ,-20.355167 ,169 
-128.96313 ,-20.367865 ,169.1 
-128.58612 ,-20.377827 ,169.2 
-128.35088 ,-20.387611 ,169.3 
-128.15288 ,-20.397375 ,169.4 
-128.04056 ,-20.407278 ,169.5 
-127.9337 ,-20.416271 ,169.6 
-127.90391 ,-20.427748 ,169.7 
-127.82335 ,-20.437712 ,169.8 
-127.87648 ,-20.445917 ,169.9 
-127.83363 ,-20.45927 ,170 
-127.84229 ,-20.465878 ,170.1 
-127.83871 ,-20.477547 ,170.2 
-127.75892 ,-20.486208 ,170.3 
-127.73038 ,-20.497093 ,170.4 
-127.77733 ,-20.50617 ,170.5 
-127.72523 ,-20.515566 ,170.6 
-127.76705 ,-20.526188 ,170.7 
-127.74457 ,-20.537184 ,170.8 
-127.78197 ,-20.546915 ,170.9 
-127.72478 ,-20.557133 ,171 
-127.78806 ,-20.565645 ,171.1 
-127.77258 ,-20.576799 ,171.2 
-127.92389 ,-20.585276 ,171.3 
-128.03073 ,-20.594215 ,171.4 
-128.02573 ,-20.604185 ,171.5 
-128.08246 ,-20.614851 ,171.6 
-128.15125 ,-20.626404 ,171.7 
-128.23135 ,-20.632847 ,171.8 
-128.17415 ,-20.643761 ,171.9 
-128.08028 ,-20.654367 ,172 
-126.08823 ,-20.665918 ,172.1 
-125.93309 ,-20.676525 ,172.2 
-125.92709 ,-20.685478 ,172.3 
-126.13985 ,-20.69525 ,172.4 
-126.39803 ,-20.705154 ,172.5 
-126.69214 ,-20.71524 ,172.6 
-127.05674 ,-20.724594 ,172.7 
-127.45306 ,-20.734846 ,172.8 
-127.78033 ,-20.745911 ,172.9 
-128.18808 ,-20.752134 ,173 
-128.63185 ,-20.764166 ,173.1 
-129.01746 ,-20.777315 ,173.2 
-129.34631 ,-20.782236 ,173.3 
-129.8438 ,-20.793533 ,173.4 
-130.32477 ,-20.802052 ,173.5 
-130.87253 ,-20.812832 ,173.6 
-131.23698 ,-20.823404 ,173.7 
-131.64883 ,-20.829298 ,173.8 
-132.10641 ,-20.83979 ,173.9 
-132.56955 ,-20.850826 ,174 
-132.9635 ,-20.858978 ,174.1 
-133.35744 ,-20.86882 ,174.2 
-133.77403 ,-20.878399 ,174.3 
-134.23369 ,-20.888437 ,174.4 
-134.66412 ,-20.899454 ,174.5 
-134.95781 ,-20.908686 ,174.6 
-135.38412 ,-20.916489 ,174.7 
-135.7971 ,-20.928461 ,174.8 
-136.13861 ,-20.939848 ,174.9 
-136.4695 ,-20.947382 ,175 
-136.82233 ,-20.957359 ,175.1 
-137.23628 ,-20.966002 ,175.2 
-137.54697 ,-20.975637 ,175.3 
-137.94829 ,-20.986366 ,175.4 
-138.29848 ,-20.99703 ,175.5 
-138.57787 ,-21.006811 ,175.6 
-139.02638 ,-21.016228 ,175.7 
-139.35448 ,-21.025179 ,175.8 
-139.75412 ,-21.03525 ,175.9 
-140.19046 ,-21.04788 ,176 
-140.4055 ,-21.055101 ,176.1 
-140.76535 ,-21.067417 ,176.2 
-141.15009 ,-21.075027 ,176.3 
-141.52292 ,-21.085159 ,176.4 
-141.91473 ,-21.094147 ,176.5 
-142.18643 ,-21.104155 ,176.6 
-142.63638 ,-21.114374 ,176.7 
-142.89526 ,-21.123552 ,176.8 
-143.12395 ,-21.133478 ,176.9 
-143.52039 ,-21.144461 ,177 
-141.01398 ,-21.156506 ,177.1 
-141.38182 ,-21.165911 ,177.2 
-141.90053 ,-21.176748 ,177.3 
-142.40485 ,-21.18553 ,177.4 
-142.85544 ,-21.194824 ,177.5 
-143.34839 ,-21.204086 ,177.6 
-143.68034 ,-21.215172 ,177.7 
-144.16132 ,-21.224491 ,177.8 
-144.5755 ,-21.23237 ,177.9 
-144.9735 ,-21.244101 ,178 
-145.3105 ,-21.253658 ,178.1 
-145.6064 ,-21.264345 ,178.2 
-145.94839 ,-21.275202 ,178.3 
-146.20148 ,-21.284952 ,178.4 
-146.41214 ,-21.293783 ,178.5 
-146.65071 ,-21.302982 ,178.6 
-146.94572 ,-21.314278 ,178.7 
-147.13342 ,-21.324236 ,178.8 
-147.20638 ,-21.335321 ,178.9 
-147.39668 ,-21.344841 ,179 
-147.5692 ,-21.35475 ,179.1 
-147.71591 ,-21.364029 ,179.2 
-147.84045 ,-21.373541 ,179.3 
-147.97546 ,-21.382586 ,179.4 
-148.11801 ,-21.395502 ,179.5 
-148.19749 ,-21.406059 ,179.6 
-148.34447 ,-21.41626 ,179.7 
-148.42296 ,-21.424208 ,179.8 
-148.5666 ,-21.435778 ,179.9 
-148.63818 ,-21.444561 ,180 
-148.72278 ,-21.455685 ,180.1 
-148.82767 ,-21.464512 ,180.2 
-149.02931 ,-21.476011 ,180.3 
-149.09868 ,-21.485285 ,180.4 
-149.2256 ,-21.49646 ,180.5 
-149.34801 ,-21.505577 ,180.6 
-149.55061 ,-21.516584 ,180.7 
-149.68735 ,-21.52537 ,180.8 
-149.81706 ,-21.534901 ,180.9 
-149.99242 ,-21.545866 ,181 
-150.11797 ,-21.555023 ,181.1 
-150.30388 ,-21.565155 ,181.2 
-150.48337 ,-21.576874 ,181.3 
-150.64984 ,-21.585594 ,181.4 
-150.7498 ,-21.59407 ,181.5 
-150.96187 ,-21.607256 ,181.6 
-151.10779 ,-21.6147 ,181.7 
-151.19467 ,-21.626236 ,181.8 
-151.32387 ,-21.635754 ,181.9 
-151.4933 ,-21.646505 ,182 
-151.63077 ,-21.654003 ,182.1 
-151.79565 ,-21.665812 ,182.2 
-151.82803 ,-21.675482 ,182.3 
-151.94177 ,-21.685678 ,182.4 
-152.05063 ,-21.694149 ,182.5 
-152.11349 ,-21.704767 ,182.6 
-152.23497 ,-21.71566 ,182.7 
-152.39082 ,-21.725279 ,182.8 
-152.41237 ,-21.736666 ,182.9 
-152.52507 ,-21.747534 ,183 
-152.65024 ,-21.756727 ,183.1 
-152.57953 ,-21.767094 ,183.2 
-152.71603 ,-21.778095 ,183.3 
-152.84625 ,-21.786352 ,183.4 
-153.01378 ,-21.795778 ,183.5 
-152.98308 ,-21.805973 ,183.6 
-152.9971 ,-21.816439 ,183.7 
-153.06557 ,-21.825054 ,183.8 
-153.14549 ,-21.836376 ,183.9 
-153.14809 ,-21.848494 ,184 
-153.13968 ,-21.857311 ,184.1 
-153.25293 ,-21.868349 ,184.2 
-153.24544 ,-21.876783 ,184.3 
-153.28119 ,-21.888269 ,184.4 
-153.2851 ,-21.898211 ,184.5 
-153.40594 ,-21.907623 ,184.6 
-153.40141 ,-21.918806 ,184.7 
-153.4368 ,-21.928036 ,184.8 
-153.42957 ,-21.93873 ,184.9 
-153.43843 ,-21.947838 ,185 
-153.44298 ,-21.960194 ,185.1 
-153.46335 ,-21.969038 ,185.2 
-153.47705 ,-21.978012 ,185.3 
-153.51984 ,-21.98929 ,185.4 
-153.4476 ,-22.000175 ,185.5 
-153.00627 ,-22.009443 ,185.6 
-152.6347 ,-22.019876 ,185.7 
-152.00035 ,-22.032654 ,185.8 
-151.56395 ,-22.044121 ,185.9 
-151.26405 ,-22.054043 ,186 
-151.10725 ,-22.064228 ,186.1 
-151.06747 ,-22.074787 ,186.2 
-151.12483 ,-22.083206 ,186.3 
-151.13901 ,-22.093019 ,186.4 
-151.18115 ,-22.106125 ,186.5 
-151.19586 ,-22.112715 ,186.6 
-151.2984 ,-22.123848 ,186.7 
-151.41057 ,-22.134941 ,186.8 
-151.4276 ,-22.142588 ,186.9 
-151.5813 ,-22.152231 ,187 
-151.65271 ,-22.16287 ,187.1 
-151.78957 ,-22.172499 ,187.2 
-152.03004 ,-22.18041 ,187.3 
-152.38626 ,-22.192299 ,187.4 
-152.61281 ,-22.203876 ,187.5 
-152.89896 ,-22.20973 ,187.6 
-153.28636 ,-22.220007 ,187.7 
-153.66992 ,-22.22937 ,187.8 
-154.05635 ,-22.238852 ,187.9 
-154.61612 ,-22.24935 ,188 
-155.04427 ,-22.257353 ,188.1 
-155.48761 ,-22.268642 ,188.2 
-155.94353 ,-22.276373 ,188.3 
-156.39708 ,-22.285011 ,188.4 
-156.89954 ,-22.294744 ,188.5 
-157.33287 ,-22.303848 ,188.6 
-157.76285 ,-22.31319 ,188.7 
-158.26317 ,-22.322937 ,188.8 
-158.64615 ,-22.333258 ,188.9 
-159.03973 ,-22.342556 ,189 
-159.53931 ,-22.351912 ,189.1 
-159.89987 ,-22.361296 ,189.2 
-160.36603 ,-22.371742 ,189.3 
-160.73766 ,-22.381031 ,189.4 
-161.09906 ,-22.389751 ,189.5 
-161.47971 ,-22.398853 ,189.6 
-161.9632 ,-22.40765 ,189.7 
-162.38237 ,-22.417992 ,189.8 
-162.72552 ,-22.427074 ,189.9 
-163.13863 ,-22.436522 ,190 
-163.55629 ,-22.448826 ,190.1 
-163.91258 ,-22.45717 ,190.2 
-164.25162 ,-22.467699 ,190.3 
-164.58469 ,-22.477522 ,190.4 
-165.06927 ,-22.486729 ,190.5 
-165.41747 ,-22.496597 ,190.6 
-165.85716 ,-22.504381 ,190.7 
-166.19475 ,-22.513798 ,190.8 
-166.58351 ,-22.526226 ,190.9 
-166.96236 ,-22.533091 ,191 
-167.26733 ,-22.543148 ,191.1 
-167.63937 ,-22.552376 ,191.2 
-168.00185 ,-22.561386 ,191.3 
-168.47404 ,-22.571762 ,191.4 
-168.85143 ,-22.579838 ,191.5 
-169.2249 ,-22.592354 ,191.6 
-169.6068 ,-22.600414 ,191.7 
-169.93468 ,-22.609093 ,191.8 
-170.37761 ,-22.61821 ,191.9 
-170.72296 ,-22.62726 ,192 
-171.13928 ,-22.638073 ,192.1 
-171.47714 ,-22.647659 ,192.2 
-171.88144 ,-22.655058 ,192.3 
-172.28973 ,-22.66464 ,192.4 
-172.66345 ,-22.674755 ,192.5 
-172.95518 ,-22.685831 ,192.6 
-173.40581 ,-22.693979 ,192.7 
-173.81856 ,-22.703341 ,192.8 
-174.14812 ,-22.710855 ,192.9 
-174.56306 ,-22.72043 ,193 
-174.90274 ,-22.730854 ,193.1 
-175.28728 ,-22.739868 ,193.2 
-175.6312 ,-22.749769 ,193.3 
-175.92709 ,-22.76054 ,193.4 
-176.2627 ,-22.767235 ,193.5 
-176.67888 ,-22.776596 ,193.6 
-177.01791 ,-22.785738 ,193.7 
-177.42325 ,-22.796144 ,193.8 
-177.7202 ,-22.803799 ,193.9 
-178.04338 ,-22.813686 ,194 
-178.34534 ,-22.822433 ,194.1 
-178.67593 ,-22.831797 ,194.2 
-179.06607 ,-22.840141 ,194.3 
-179.36569 ,-22.849442 ,194.4 
-179.56296 ,-22.85734 ,194.5 
-179.70917 ,-22.867983 ,194.6 
-179.9977 ,-22.877491 ,194.7 
-180.1512 ,-22.885702 ,194.8 
-180.24792 ,-22.896589 ,194.9 
-180.56937 ,-22.905663 ,195 
-180.93092 ,-22.913507 ,195.1 
-181.33218 ,-22.923521 ,195.2 
-181.73009 ,-22.931814 ,195.3 
-182.09958 ,-22.939798 ,195.4 
-182.47517 ,-22.947374 ,195.5 
-182.86295 ,-22.952608 ,195.6 
-183.19064 ,-22.960352 ,195.7 
-183.55009 ,-22.966454 ,195.8 
-183.85648 ,-22.973476 ,195.9 
-184.21309 ,-22.978508 ,196 
-184.53104 ,-22.984749 ,196.1 
-184.81918 ,-22.993532 ,196.2 
-185.11372 ,-22.998211 ,196.3 
-185.41765 ,-23.002293 ,196.4 
-185.70215 ,-23.009399 ,196.5 
-185.98851 ,-23.014204 ,196.6 
-186.23991 ,-23.020254 ,196.7 
-186.44913 ,-23.025417 ,196.8 
-186.64812 ,-23.031702 ,196.9 
-186.88419 ,-23.037579 ,197 
-187.0538 ,-23.03904 ,197.1 
-187.22861 ,-23.044682 ,197.2 
-187.41022 ,-23.049305 ,197.3 
-187.56096 ,-23.052248 ,197.4 
-187.71573 ,-23.056267 ,197.5 
-187.81491 ,-23.060633 ,197.6 
-187.94307 ,-23.062641 ,197.7 
-188.06154 ,-23.066536 ,197.8 
-188.16998 ,-23.068199 ,197.9 
-188.24625 ,-23.072252 ,198 
-188.36678 ,-23.074579 ,198.1 
-188.44211 ,-23.077818 ,198.2 
-188.54573 ,-23.081024 ,198.3 
-188.6059 ,-23.082855 ,198.4 
-188.65286 ,-23.086884 ,198.5 
-188.70091 ,-23.086655 ,198.6 
-188.75935 ,-23.089579 ,198.7 
-188.82224 ,-23.088642 ,198.8 
-188.85605 ,-23.094042 ,198.9 
-188.8983 ,-23.093763 ,199 
-188.96413 ,-23.094416 ,199.1 
-188.99413 ,-23.097355 ,199.2 
-189.01842 ,-23.100067 ,199.3 
-189.04355 ,-23.101635 ,199.4 
-189.0925 ,-23.100025 ,199.5 
-189.13666 ,-23.103243 ,199.6 
-189.15222 ,-23.102789 ,199.7 
-189.15146 ,-23.1061 ,199.8 
-189.27667 ,-23.10704 ,199.9 
-189.32431 ,-23.109041 ,200 
-189.33598 ,-23.108162 ,200.1 
-189.36536 ,-23.10865 ,200.2 
-189.39786 ,-23.113092 ,200.3 
-189.40131 ,-23.113424 ,200.4 
-189.3959 ,-23.113712 ,200.5 
-189.41684 ,-23.114477 ,200.6 
-189.42046 ,-23.116823 ,200.7 
-189.43965 ,-23.117418 ,200.8 
-189.45224 ,-23.118645 ,200.9 
-189.44789 ,-23.118143 ,201 
-189.45261 ,-23.117287 ,201.1 
-189.45572 ,-23.118887 ,201.2 
-189.4622 ,-23.119503 ,201.3 
-189.48952 ,-23.122547 ,201.4 
-189.47836 ,-23.123655 ,201.5 
-189.48677 ,-23.122658 ,201.6 
-189.51337 ,-23.123463 ,201.7 
-189.5197 ,-23.124445 ,201.8 
-189.52843 ,-23.122616 ,201.9 
-189.53896 ,-23.127203 ,202 
-189.56256 ,-23.123966 ,202.1 
-189.57417 ,-23.126255 ,202.2 
-189.58183 ,-23.125233 ,202.3 
-189.58952 ,-23.126965 ,202.4 
-189.6003 ,-23.12764 ,202.5 
-189.59489 ,-23.126772 ,202.6 
-189.59961 ,-23.129162 ,202.7 
-189.59213 ,-23.130915 ,202.8 
-189.60394 ,-23.130484 ,202.9 
-189.59961 ,-23.131487 ,203 
-189.61261 ,-23.134851 ,203.1 
-189.61147 ,-23.132099 ,203.2 
-189.61304 ,-23.132172 ,203.3 
-189.6174 ,-23.13098 ,203.4 
-189.62517 ,-23.131012 ,203.5 
-189.62126 ,-23.134853 ,203.6 
-189.61009 ,-23.134504 ,203.7 
-189.61519 ,-23.133528 ,203.8 
-189.62752 ,-23.133762 ,203.9 
-189.6333 ,-23.133711 ,204 
-189.6208 ,-23.136366 ,204.1 
-189.64549 ,-23.134111 ,204.2 
-189.66916 ,-23.135967 ,204.3 
-189.64848 ,-23.135853 ,204.4 
-189.66057 ,-23.138819 ,204.5 
-189.66304 ,-23.138367 ,204.6 
-189.66675 ,-23.13537 ,204.7 
-189.67238 ,-23.138906 ,204.8 
-189.68112 ,-23.134556 ,204.9 
-189.66592 ,-23.140104 ,205 
-189.68135 ,-23.138262 ,205.1 
-189.68419 ,-23.139843 ,205.2 
-189.68639 ,-23.142504 ,205.3 
-189.69487 ,-23.136614 ,205.4 
-189.70403 ,-23.141003 ,205.5 
-189.70023 ,-23.139032 ,205.6 
-189.70483 ,-23.140978 ,205.7 
-189.70612 ,-23.14135 ,205.8 
-189.70477 ,-23.141069 ,205.9 
-189.71098 ,-23.142437 ,206 
-189.72227 ,-23.141262 ,206.1 
-189.71857 ,-23.142448 ,206.2 
-189.72476 ,-23.143303 ,206.3 
-189.72958 ,-23.141401 ,206.4 
-189.72554 ,-23.144411 ,206.5 
-189.73215 ,-23.142521 ,206.6 
-189.73572 ,-23.142418 ,206.7 
-189.73685 ,-23.141838 ,206.8 
-189.73779 ,-23.144875 ,206.9 
-189.73813 ,-23.144873 ,207 
-189.73079 ,-23.145382 ,207.1 
-189.73215 ,-23.143127 ,207.2 
-189.74605 ,-23.145353 ,207.3 
-189.73764 ,-23.144617 ,207.4 
-189.73308 ,-23.143511 ,207.5 
-189.74028 ,-23.145609 ,207.6 
-189.74492 ,-23.144117 ,207.7 
-189.74742 ,-23.147173 ,207.8 
-189.75151 ,-23.146088 ,207.9 
-189.74725 ,-23.148819 ,208 
-189.75366 ,-23.146654 ,208.1 
-189.73769 ,-23.14743 ,208.2 
-189.7422 ,-23.145552 ,208.3 
-189.74805 ,-23.145771 ,208.4 
-189.74886 ,-23.148058 ,208.5 
-189.74214 ,-23.145954 ,208.6 
-189.74034 ,-23.148664 ,208.7 
-189.73845 ,-23.146782 ,208.8 
-189.73933 ,-23.148779 ,208.9 
-189.75374 ,-23.147694 ,209 
-189.75598 ,-23.150013 ,209.1 
-189.7523 ,-23.148247 ,209.2 
-189.74783 ,-23.148327 ,209.3 
-189.75002 ,-23.150408 ,209.4 
-189.75778 ,-23.14814 ,209.5 
-189.74666 ,-23.149773 ,209.6 
-189.75822 ,-23.151518 ,209.7 
-189.75893 ,-23.148846 ,209.8 
-189.75272 ,-23.151094 ,209.9 
-189.75365 ,-23.152275 ,210 
-189.75781 ,-23.151779 ,210.1 
-189.75761 ,-23.152021 ,210.2 
-189.74971 ,-23.152275 ,210.3 
-189.75006 ,-23.151474 ,210.4 
-189.75414 ,-23.149397 ,210.5 
-189.75029 ,-23.150677 ,210.6 
-189.75235 ,-23.150784 ,210.7 
-189.76204 ,-23.151976 ,210.8 
-189.7511 ,-23.153095 ,210.9 
-189.76009 ,-23.152187 ,211 
-189.75595 ,-23.149979 ,211.1 
-189.74359 ,-23.153023 ,211.2 
-189.75351 ,-23.15341 ,211.3 
-189.75511 ,-23.149214 ,211.4 
-189.75253 ,-23.152531 ,211.5 
-189.74385 ,-23.153893 ,211.6 
-189.75388 ,-23.153231 ,211.7 
-189.75366 ,-23.151739 ,211.8 
-189.77031 ,-23.152988 ,211.9 
-189.76468 ,-23.153915 ,212 
-189.75932 ,-23.153479 ,212.1 
-189.75156 ,-23.154425 ,212.2 
-189.75964 ,-23.155907 ,212.3 
-189.75891 ,-23.15336 ,212.4 
-189.7527 ,-23.1514 ,212.5 
-189.76501 ,-23.154144 ,212.6 
-189.7663 ,-23.154894 ,212.7 
-189.76053 ,-23.15382 ,212.8 
-189.76826 ,-23.153193 ,212.9 
-189.76472 ,-23.153942 ,213 
-189.75681 ,-23.152304 ,213.1 
-189.76173 ,-23.155354 ,213.2 
-189.76476 ,-23.153816 ,213.3 
-189.76364 ,-23.153603 ,213.4 
-189.76205 ,-23.157288 ,213.5 
-189.76695 ,-23.15283 ,213.6 
-189.76491 ,-23.157032 ,213.7 
-189.76479 ,-23.154707 ,213.8 
-189.77002 ,-23.157648 ,213.9 
-189.77872 ,-23.157305 ,214 
-189.77646 ,-23.158195 ,214.1 
-189.77948 ,-23.157818 ,214.2 
-189.77667 ,-23.155487 ,214.3 
-189.7708 ,-23.155279 ,214.4 
-189.76945 ,-23.155251 ,214.5 
-189.77751 ,-23.156462 ,214.6 
-189.7758 ,-23.156866 ,214.7 
-189.77693 ,-23.155279 ,214.8 
-189.7766 ,-23.157518 ,214.9 
-189.7773 ,-23.155453 ,215 
-189.7751 ,-23.15741 ,215.1 
-189.77544 ,-23.156252 ,215.2 
-189.77174 ,-23.157879 ,215.3 
-189.78244 ,-23.155418 ,215.4 
-189.78102 ,-23.154478 ,215.5 
-189.78459 ,-23.155584 ,215.6 
-189.78093 ,-23.156891 ,215.7 
-189.78911 ,-23.156906 ,215.8 
-189.78694 ,-23.158634 ,215.9 
-189.78035 ,-23.158228 ,216 
-189.76117 ,-23.157131 ,216.1 
-189.77431 ,-23.15799 ,216.2 
-189.78548 ,-23.159468 ,216.3 
-189.78642 ,-23.159109 ,216.4 
-189.75862 ,-23.156784 ,216.5 
-189.76321 ,-23.160521 ,216.6 
-189.77243 ,-23.157347 ,216.7 
-189.76445 ,-23.158371 ,216.8 
-189.7827 ,-23.157818 ,216.9 
-189.78098 ,-23.156969 ,217 
-189.76566 ,-23.158096 ,217.1 
-189.77214 ,-23.160175 ,217.2 
-189.76904 ,-23.156803 ,217.3 
-189.76956 ,-23.159071 ,217.4 
-189.76752 ,-23.156887 ,217.5 
-189.76193 ,-23.161236 ,217.6 
-189.76978 ,-23.158234 ,217.7 
-189.78374 ,-23.158665 ,217.8 
-189.76859 ,-23.161839 ,217.9 
-189.76703 ,-23.159334 ,218 
-189.76476 ,-23.159605 ,218.1 
-189.75253 ,-23.160141 ,218.2 
-189.77498 ,-23.160206 ,218.3 
-189.76003 ,-23.160673 ,218.4 
-189.78114 ,-23.159372 ,218.5 
-189.77679 ,-23.162172 ,218.6 
-189.77548 ,-23.16007 ,218.7 
-189.76917 ,-23.16069 ,218.8 
-189.76549 ,-23.161074 ,218.9 
-189.75801 ,-23.161835 ,219 
-189.77017 ,-23.160721 ,219.1 
-189.7767 ,-23.161751 ,219.2 
-189.78032 ,-23.161419 ,219.3 
-189.76447 ,-23.16007 ,219.4 
-189.77185 ,-23.160633 ,219.5 
-189.75552 ,-23.161303 ,219.6 
-189.76111 ,-23.159605 ,219.7 
-189.76608 ,-23.161209 ,219.8 
-189.75481 ,-23.160374 ,219.9 
-189.76639 ,-23.161428 ,220 
-189.75732 ,-23.159475 ,220.1 
-189.75291 ,-23.161922 ,220.2 
-189.75468 ,-23.159611 ,220.3 
-189.75926 ,-23.162291 ,220.4 
-189.75087 ,-23.160831 ,220.5 
-189.75214 ,-23.162172 ,220.6 
-189.75156 ,-23.161169 ,220.7 
-189.75609 ,-23.163334 ,220.8 
-189.74654 ,-23.161066 ,220.9 
-189.74989 ,-23.162333 ,221 
-189.7485 ,-23.159454 ,221.1 
-189.73886 ,-23.16087 ,221.2 
-189.73082 ,-23.161156 ,221.3 
-189.71872 ,-23.16176 ,221.4 
-189.71753 ,-23.161749 ,221.5 
-189.70924 ,-23.161089 ,221.6 
-189.70309 ,-23.161749 ,221.7 
-189.68681 ,-23.163113 ,221.8 
-189.67931 ,-23.164003 ,221.9 
-189.65982 ,-23.161459 ,222 
-189.65424 ,-23.160574 ,222.1 
-189.6382 ,-23.162844 ,222.2 
-189.64117 ,-23.162819 ,222.3 
-189.6312 ,-23.161001 ,222.4 
-189.61345 ,-23.161922 ,222.5 
-189.61292 ,-23.161865 ,222.6 
-189.6124 ,-23.160748 ,222.7 
-189.59602 ,-23.16297 ,222.8 
-189.60954 ,-23.16102 ,222.9 
-189.59483 ,-23.16173 ,223 
-189.59898 ,-23.163095 ,223.1 
-189.59026 ,-23.1598 ,223.2 
-189.58472 ,-23.162655 ,223.3 
-189.58112 ,-23.161457 ,223.4 
-189.57368 ,-23.163084 ,223.5 
-189.57065 ,-23.164181 ,223.6 
-189.55489 ,-23.162069 ,223.7 
-189.56081 ,-23.161915 ,223.8 
-189.54196 ,-23.162134 ,223.9 
-189.53912 ,-23.164579 ,224 
-189.52943 ,-23.162977 ,224.1 
-189.51259 ,-23.163925 ,224.2 
-189.50212 ,-23.164013 ,224.3 
-189.48926 ,-23.163647 ,224.4 
-189.46999 ,-23.162359 ,224.5 
-189.46829 ,-23.164307 ,224.6 
-189.45903 ,-23.160019 ,224.7 
-189.45033 ,-23.163095 ,224.8 
-189.46216 ,-23.163296 ,224.9 
-189.45094 ,-23.163292 ,225 
-189.45226 ,-23.163704 ,225.1 
-189.44785 ,-23.162754 ,225.2 
-189.44234 ,-23.162714 ,225.3 
-189.43108 ,-23.16333 ,225.4 
-189.42957 ,-23.164 ,225.5 
-189.414 ,-23.16263 ,225.6 
-189.40891 ,-23.163221 ,225.7 
-189.40021 ,-23.163622 ,225.8 
-189.39381 ,-23.162951 ,225.9 
-189.37534 ,-23.163507 ,226 
-189.37268 ,-23.163734 ,226.1 
-189.34354 ,-23.164368 ,226.2 
-189.33821 ,-23.161366 ,226.3 
-189.32985 ,-23.161737 ,226.4 
-189.32465 ,-23.162092 ,226.5 
-189.31178 ,-23.163141 ,226.6 
-189.30083 ,-23.165611 ,226.7 
-189.29381 ,-23.161074 ,226.8 
-189.28925 ,-23.163116 ,226.9 
-189.28485 ,-23.161585 ,227 
-189.26668 ,-23.163094 ,227.1 
-189.274 ,-23.163013 ,227.2 
-189.25859 ,-23.162947 ,227.3 
-189.2493 ,-23.163954 ,227.4 
-189.23172 ,-23.162092 ,227.5 
-189.21175 ,-23.161818 ,227.6 
-189.19473 ,-23.162868 ,227.7 
-189.1797 ,-23.164204 ,227.8 
-189.15717 ,-23.163864 ,227.9 
-189.17589 ,-23.162657 ,228 
-189.16043 ,-23.163967 ,228.1 
-189.15945 ,-23.164444 ,228.2 
-189.1468 ,-23.163342 ,228.3 
-189.12692 ,-23.162537 ,228.4 
-189.11916 ,-23.162205 ,228.5 
-189.08778 ,-23.163288 ,228.6 
-189.06432 ,-23.159941 ,228.7 
-189.03038 ,-23.162661 ,228.8 
-189.00352 ,-23.16164 ,228.9 
-188.9696 ,-23.161852 ,229 
-188.89267 ,-23.159887 ,229.1 
-188.83746 ,-23.162886 ,229.2 
-188.71201 ,-23.159731 ,229.3 
-188.54738 ,-23.160908 ,229.4 
-188.12386 ,-23.156855 ,229.5 
-187.41484 ,-23.154896 ,229.6 
-186.30777 ,-23.150724 ,229.7 
-184.70581 ,-23.145601 ,229.8 
-182.55026 ,-23.137251 ,229.9 
-179.77182 ,-23.126411 ,230 
-176.68115 ,-23.11256 ,230.1 
-173.56099 ,-23.102316 ,230.2 
-170.34138 ,-23.088715 ,230.3 
-166.85536 ,-23.074287 ,230.4 
-163.43462 ,-23.062016 ,230.5 
-159.87473 ,-23.047928 ,230.6 
-156.17596 ,-23.031248 ,230.7 
-152.58269 ,-23.017298 ,230.8 
-149.07097 ,-23.003712 ,230.9 
-145.47917 ,-22.989962 ,231 
-141.90077 ,-22.974108 ,231.1 
-138.14485 ,-22.957655 ,231.2 
-134.47177 ,-22.943003 ,231.3 
-130.91785 ,-22.929195 ,231.4 
-127.22173 ,-22.912128 ,231.5 
-123.72047 ,-22.898563 ,231.6 
-120.27829 ,-22.880829 ,231.7 
-116.84364 ,-22.86644 ,231.8 
-113.43647 ,-22.852253 ,231.9 
-109.9408 ,-22.836821 ,232 
-106.54978 ,-22.821136 ,232.1 
-103.3329 ,-22.806108 ,232.2 
-100.10705 ,-22.791409 ,232.3 
-96.884247 ,-22.777357 ,232.4 
-93.737221 ,-22.763119 ,232.5 
-90.646645 ,-22.747435 ,232.6 
-87.547874 ,-22.73201 ,232.7 
-84.767181 ,-22.719423 ,232.8 
-81.802231 ,-22.7045 ,232.9 
-78.88343 ,-22.691671 ,233 
-76.153503 ,-22.677843 ,233.1 
-73.366005 ,-22.664268 ,233.2 
-70.707733 ,-22.650072 ,233.3 
-68.033089 ,-22.637709 ,233.4 
-65.313515 ,-22.620941 ,233.5 
-62.58004 ,-22.607931 ,233.6 
-60.117306 ,-22.594248 ,233.7 
-57.690613 ,-22.582129 ,233.8 
-55.326744 ,-22.570652 ,233.9 
-53.011398 ,-22.557657 ,234 
-50.764336 ,-22.544977 ,234.1 
-48.45108 ,-22.528786 ,234.2 
